,staff,master_ai_id,activity_number,permit_no,type_action_code,owner,company_name,received_date,incomplete_date,complete_date,issue_due_date,issue_revised_date,issue_date,deny_date,withdraw_date,close_date,spud_date,status,well_api,well_name,ogrid_name,well_latitude,well_longitude,facility_name,Facility Type,cluster,facility_latitude,facility_longitude,Nox TPY,CO TPY,VOC TPY,PM10 TPY,SO2 TPY,potential_violation,binary_violation
7,Melinda Owens,1183,PRN20120002,0773M5,PSD-Minor Modification ,"Enterprise Field Services, LLC",Pump Canyon Compressor Station,2012-07-19 08:42:00,,8/9/2012 11:12,11/7/2012 0:00,11/7/2012 0:00,2012-11-06 10:01:00,,,,2010-07-15 00:00:00,Active,30-045-35001,RIDDLE A #003C,HILCORP ENERGY COMPANY,36.7955666,-107.73703770000002,Enterprise - Pump Canyon Compressor Station,O&G-Compressor Station,70.0,36.794722,-107.733333,230.3,386.9,76.4,4.9,9.0,Yes,1
11,Norma Perez,1305,PRN20100001,1582M2,Streamline Level 1-New ,Hilcorp Energy Company,ConocoPhillips - Compressor Station No355,2010-03-15 16:48:00,,3/22/2010 10:04,4/21/2010 0:00,4/21/2010 0:00,2010-04-08 16:04:00,,,,2012-08-31 00:00:00,Active,30-045-35382,KESSLER COM #003P,HILCORP ENERGY COMPANY,36.779197700000005,-107.9380798,Hilcorp - Compressor Station No355,O&G-Compressor Station,107.0,36.778047,-107.93914,31.8,31.2,39.2,0.6,,No,0
12,Mary Gerhart,1305,PRN20120001,1582M3,Streamline Level 1-Revision,Hilcorp Energy Company,ConocoPhillips - Compressor Station No355,2012-01-18 09:02:00,,2/16/2012 17:50,3/17/2012 0:00,3/17/2012 0:00,2012-03-17 12:44:00,,,,2012-08-31 00:00:00,Active,30-045-35382,KESSLER COM #003P,HILCORP ENERGY COMPANY,36.779197700000005,-107.9380798,Hilcorp - Compressor Station No355,O&G-Compressor Station,107.0,36.778047,-107.93914,31.8,31.2,39.2,0.6,,No,0
14,Martyne Kieling,1319,PRN20100001,1680M1,GCP1-New ,"Enterprise Field Services, LLC",Hart Canyon No1 Compressor Station,2010-11-09 08:50:00,,,12/9/2010 0:00,12/9/2010 0:00,2010-12-08 12:30:00,,,,2012-05-01 00:00:00,Active,30-045-35137,ATLANTIC A #008C,HILCORP ENERGY COMPANY,36.873104100000006,-107.9030075,Hart Canyon No1 Compressor Station GCP1-1680,O&G-Compressor Station,222.0,36.872889,-107.900333,25.9,92.6,29.6,1.0,1.4,No,0
22,Coleman Smith,1374,PRN20100002,2031M3,Regular-Significant Revision ,Harvest Four Corners LLC,North Crandell Compressor Station,2010-09-17 13:42:00,,10/15/2010 11:03,1/13/2011 0:00,1/13/2011 0:00,2011-01-07 08:04:00,,,,2015-08-21 00:00:00,Active,30-045-35689,AZTEC COM 4 #002H,HILCORP ENERGY COMPANY,36.83795268,-107.95641792,Harvest - North Crandell Compressor Station,O&G-Compressor Station,65.0,36.841678,-107.957628,60.4,45.9,59.9,1.3,,No,0
23,Joseph Mashburn,1374,PRN20200001,2031M4,Regular-Significant Revision ,Harvest Four Corners LLC,Harvest - North Crandell Compressor Station,2020-08-31 13:54:00,,9/30/2020 13:45,12/29/2020 0:00,12/29/2020 0:00,2020-12-29 15:42:00,,,,2015-08-21 00:00:00,Active,30-045-35689,AZTEC COM 4 #002H,HILCORP ENERGY COMPANY,36.83795268,-107.95641792,Harvest - North Crandell Compressor Station,O&G-Compressor Station,65.0,36.841678,-107.957628,60.4,45.9,59.9,1.3,,Yes,1
25,Damon Reyes,22401,PRN20040001,3145,Notice of Intent ,Chevron USA - Four Corners Operations,Chevron USA - Nellie Platero 3,2004-10-12 16:28:00,,,11/11/2004 0:00,11/11/2004 0:00,2004-11-09 09:05:00,,,5/10/2011 14:44,2012-01-05 00:00:00,Active,30-045-35121,TURNER HUGHES #016N,HILCORP ENERGY COMPANY,36.5934181,-107.760025,Chevron USA - Nellie Platero 3,O&G-Compressor Station,21.0,36.589111,-107.759694,,,,,,No,0
29,Elizabeth Kuehn,27709,PRN20080001,3816,Streamline Level 1-New ,XTO Energy Inc,XTO Energy - PGA CDP & SWD,2008-08-21 17:38:00,9/20/2008 13:21,12/17/2008 10:00,1/16/2009 0:00,1/16/2009 0:00,2009-01-15 16:33:00,,,12/18/2020 14:09,2014-12-30 00:00:00,Active,30-045-35540,PGA UNIT #343,DUGAN PRODUCTION CORP,36.264801,-107.9969482,XTO - PGA CDP & SWD,O&G-Compressor Station,185.0,36.263611,-107.998333,,,,,,No,0
31,Mary Gerhart,29776,PRN20100001,4288,Notice of Intent ,Hilcorp Energy Company,XTO Energy Inc - Five of Diamonds Production Facility,2010-10-05 09:41:00,,,11/4/2010 0:00,11/4/2010 0:00,2010-11-04 17:20:00,,,,2010-09-14 00:00:00,Active,30-045-35167,FIVE OF DIAMONDS #090H,HILCORP ENERGY COMPANY,36.833252,-108.1977081,Hilcorp - Five of Diamonds Production Facility,O&G-Compressor Station,87.0,36.83325,-108.197028,16.2,2.0,,,,Yes,1
33,Norma Perez,31155,PRN20120001,4695,Notice of Intent ,Hilcorp Energy Company,Sandia Federal 1F,2012-02-09 14:00:00,,,3/10/2012 0:00,3/10/2012 0:00,2012-03-06 16:44:00,,,,2011-12-28 00:00:00,Active,30-045-35016,SANDIA FEDERAL #001F,HILCORP ENERGY COMPANY,36.784687,-108.01179499999999,Hilcorp - Sandia Federal 1F,O&G-Well Head,189.0,36.784444,-108.011111,,,,,,Yes,1
35,Norma Perez,31156,PRN20120001,4696,Notice of Intent ,Hilcorp Energy Company,Federal C 1M,2012-02-09 15:44:00,,,3/10/2012 0:00,3/10/2012 0:00,2012-03-01 13:46:00,,,,2011-12-15 00:00:00,Active,30-045-34825,FEDERAL C #001M,HILCORP ENERGY COMPANY,36.778698,-108.00183870000001,Hilcorp - Federal C 1M,O&G-Well Head,169.0,36.778611,-108.001111,,,,,,Yes,1
37,Teri Waldron,31225,PRN20120001,4712,Notice of Intent ,Dugan Production Corp,Meadows 108-3014,2012-03-19 13:06:00,,,4/18/2012 0:00,4/18/2012 0:00,2012-03-21 17:06:00,,,,2012-04-15 00:00:00,Active,30-045-35320,MEADOWS I08 3014 #001H,DUGAN PRODUCTION CORP,36.825679799999996,-108.3245773,Dugan - Meadows I08-3014,O&G-Well Head,12.0,36.825722,-108.324556,,,,,,No,0
39,Martyne Kieling,31310,PRN20120001,4736,Notice of Intent ,Hilcorp Energy Company,Huerfanito Unit 79N,2012-04-11 16:28:00,,,5/11/2012 0:00,5/11/2012 0:00,2012-04-24 11:23:00,,,,2012-03-08 00:00:00,Active,30-045-34950,HUERFANITO UNIT #079N,HILCORP ENERGY COMPANY,36.5400085,-107.750267,Hilcorp - Huerfanito Unit 79N,O&G-Well Head,42.0,36.54,-107.749722,,,,,,Yes,1
41,Martyne Kieling,31311,PRN20120001,4737,Notice of Intent ,Hilcorp Energy Company,Huerfanito Unit 85M,2012-04-11 16:37:00,,,5/11/2012 0:00,5/11/2012 0:00,2012-04-24 09:20:00,,,,2012-03-09 00:00:00,Active,30-045-35287,HUERFANITO UNIT #085M,HILCORP ENERGY COMPANY,36.5514641,-107.7621994,Hilcorp - Huerfanito Unit 85M,O&G-Production Facility,20.0,36.551389,-107.761667,,,,,,Yes,1
43,Martyne Kieling,31313,PRN20120001,4739,Notice of Intent ,Hilcorp Energy Company,Huerfanito Unit 82N,2012-04-11 16:53:00,,,5/11/2012 0:00,5/11/2012 0:00,2012-04-24 09:17:00,,,,2012-06-20 00:00:00,Active,30-045-35310,HUERFANITO UNIT #082N,HILCORP ENERGY COMPANY,36.5393295,-107.74614720000001,Hilcorp - Huerfanito Unit 82N,O&G-Well Head,51.0,36.539444,-107.745556,,,,,,No,0
45,Martyne Kieling,31314,PRN20120001,4740,Notice of Intent ,Hilcorp Energy Company,Reid 22M,2012-04-11 17:07:00,,,5/11/2012 0:00,5/11/2012 0:00,2012-04-24 09:27:00,,,,2012-09-21 00:00:00,Active,30-045-35359,REID #022M,HILCORP ENERGY COMPANY,36.6718826,-107.81796259999999,Hilcorp - Reid 22M,O&G-Well Head,142.0,36.671944,-107.817222,,,,,,No,0
48,Martyne Kieling,31315,PRN20120001,4743,Notice of Intent ,Hilcorp Energy Company,Davis A Fed 1N,2012-04-11 08:12:00,,,5/11/2012 0:00,5/11/2012 0:00,2012-04-24 09:31:00,,,,2012-08-20 00:00:00,Active,30-045-35290,DAVIS A FEDERAL #001N,HILCORP ENERGY COMPANY,36.777175899999996,-107.9507675,Hilcorp - Davis A Fed 1N,O&G-Well Head,68.0,36.777222,-107.950278,,,,,,No,0
50,Martyne Kieling,31347,PRN20120001,4753,Notice of Intent ,Hilcorp Energy Company,Huerfanito Unit 98N,2012-04-23 07:50:00,,,5/23/2012 0:00,5/23/2012 0:00,2012-05-07 15:13:00,,,,2011-11-21 00:00:00,Active,30-045-35262,HUERFANITO UNIT #098N,HILCORP ENERGY COMPANY,36.528862,-107.75056459999999,Hilcorp - Huerfanito Unit 98N,O&G-Well Head,45.0,36.528889,-107.749886,,,,,,Yes,1
52,Martyne Kieling,31348,PRN20120001,4754,Notice of Intent ,Hilcorp Energy Company,Huerfanito Unit 99E,2012-04-19 08:08:00,,,5/19/2012 0:00,5/19/2012 0:00,2012-05-07 15:19:00,,,,2012-03-15 00:00:00,Active,30-045-35257,HUERFANITO UNIT #099E,HILCORP ENERGY COMPANY,36.5342255,-107.7622604,Hilcorp - Huerfanito Unit 99E,O&G-Well Head,25.0,36.534167,-107.761667,,,,,,Yes,1
54,Martyne Kieling,31349,PRN20120001,4755,Notice of Intent ,Hilcorp Energy Company,Sadie West 2M,2012-04-19 08:17:00,,,5/19/2012 0:00,5/19/2012 0:00,2012-05-07 15:22:00,,,,2012-02-23 00:00:00,Active,30-045-35305,SADIE WEST #002M,HILCORP ENERGY COMPANY,36.8809128,-108.10562900000001,Hilcorp - Sadie West 2M,O&G-Well Head,250.0,36.880833,-108.105,,,,,,Yes,1
56,Teri Waldron,31358,PRN20120001,4747,Notice of Intent ,Hilcorp Energy Company,Jackson Com 1N,2012-04-17 12:07:00,,,5/17/2012 0:00,5/17/2012 0:00,2012-04-24 12:21:00,,,,2014-12-11 00:00:00,Active,30-045-35415,JACKSON COM #001N,HILCORP ENERGY COMPANY,36.6739922,-107.8030624,Hilcorp - Jackson Com 1N,O&G-Well Head,157.0,36.673889,-107.8025,,,,,,No,0
58,Teri Waldron,31360,PRN20120001,4748,Notice of Intent ,Hilcorp Energy Company,Blanco Wash Federal 3M,2012-04-17 13:51:00,,,5/17/2012 0:00,5/17/2012 0:00,2012-04-24 14:24:00,,,,2013-04-08 00:00:00,Active,30-045-35250,BLANCO WASH FEDERAL #003M,HILCORP ENERGY COMPANY,36.6355095,-107.77970890000002,Hilcorp - Blanco Wash Federal 3M,O&G-Well Head,16.0,36.635556,-107.779167,,,,,,No,0
60,Teri Waldron,31361,PRN20120001,4749,Notice of Intent ,Hilcorp Energy Company,Grenier B 3P,2012-04-17 15:56:00,,,5/17/2012 0:00,5/17/2012 0:00,2012-04-24 12:03:00,,,,2012-11-12 00:00:00,Active,30-045-35111,GRENIER B #003N,HILCORP ENERGY COMPANY,36.7513237,-107.91085819999999,Hilcorp - Grenier B 3P,O&G-Well Head,206.0,36.75,-107.906944,,,,,,No,0
62,Martyne Kieling,31480,PRN20120001,4779,Notice of Intent ,Hilcorp Energy Company,Hodges 12E,2012-05-22 10:19:00,,,6/21/2012 0:00,6/21/2012 0:00,2012-06-04 16:33:00,,,,2012-04-30 00:00:00,Active,30-045-35229,HODGES #012E,HILCORP ENERGY COMPANY,36.4372635,-107.67720790000001,Hilcorp - Hodges 12E,O&G-Production Facility,258.0,36.437222,-107.676389,,,,,,Yes,1
65,Martyne Kieling,31481,PRN20120001,4780,Notice of Intent ,Hilcorp Energy Company,Hodges 13F,2012-05-22 10:27:00,,,6/21/2012 0:00,6/21/2012 0:00,2012-06-04 16:34:00,,,,2012-04-27 00:00:00,Active,30-045-35185,HODGES #013F,HILCORP ENERGY COMPANY,36.4414711,-107.6622467,Hilcorp - Hodges 13F,O&G-Production Facility,277.0,36.441667,-107.661667,,,,,,Yes,1
68,Martyne Kieling,31482,PRN20120001,4781,Notice of Intent ,Hilcorp Energy Company,Hodges 14E,2012-05-22 11:32:00,,,6/21/2012 0:00,6/21/2012 0:00,2012-06-04 08:32:00,,,,2012-04-16 00:00:00,Active,30-045-35261,HODGES #014E,HILCORP ENERGY COMPANY,36.4764214,-107.6851273,Hilcorp - Hodges 14E,O&G-Well Head,236.0,36.47638900000001,-107.684722,,,,,,Yes,1
71,Mary Gerhart,31614,PRN20120001,4812,Notice of Intent ,Hilcorp Energy Company,ConocoPhillip -Yert HZMC 1H/Cain 725 Production Location,2012-06-27 14:49:00,7/27/2012 14:52,,10/11/2012 0:00,10/11/2012 0:00,2012-10-11 15:40:00,,,,2010-02-02 00:00:00,Active,30-045-34927,STATE COM 32 #002,WEST LARGO CORP,36.6872749,-107.81198880000001,Hilcorp -Yert HZMC 1H/Cain 725 Production Location,O&G-Production Facility,150.0,36.685833,-107.814167,,,,,,Yes,1
73,Martyne Kieling,31748,PRN20120001,4852,Notice of Intent ,DJR Operating LLC - NM,Encana Oil & Gas Times  I32-2410,2012-08-14 13:14:00,,,9/13/2012 0:00,9/13/2012 0:00,2012-08-28 14:21:00,,,,2012-07-11 00:00:00,Active,30-045-35361,GOOD TIMES I32 2410 #001H,DUGAN PRODUCTION CORP,36.2688904,-107.91136170000001,DJR Operating - Good Times  I32-2410,O&G-Production Facility,41.0,36.268889,-107.910794,2.8,4.3,43.9,,,Yes,1
76,Martyne Kieling,31839,PRN20120001,4867,Notice of Intent ,DJR Operating LLC - NM,Encana Oil - Good Times A06-2310,2012-09-11 13:37:00,,,10/11/2012 0:00,10/11/2012 0:00,2012-09-21 14:06:00,,,,2012-08-03 00:00:00,Active,30-045-35319,GOOD TIMES A06 2310 #001H,DUGAN PRODUCTION CORP,36.2601738,-107.9289246,DJR Operating - Good Times A06-2310,O&G-Well Head,22.0,36.260167,-107.928917,9.13,17.75,39.38,,,Yes,1
79,Steve Madrid,31878,PRN20120001,4896,Notice of Intent ,Hilcorp Energy Company,ConocoPhillips - Hughes A 6N & Hardie 2E,2012-09-21 16:43:00,,,10/21/2012 0:00,10/21/2012 0:00,2012-10-12 12:41:00,,,,2012-10-11 00:00:00,Active,30-045-35360,HUGHES A #006N,HILCORP ENERGY COMPANY,36.69212720000001,-107.68846129999999,Hilcorp - Hughes A 6N and Hardie 2E,O&G-Production Facility,227.0,36.692222,-107.687778,,,,,,Yes,1
81,Steve Madrid,31880,PRN20120001,4894,Notice of Intent ,Hilcorp Energy Company, Yager LS 1M/Grenier23/Thurston Com 100,2012-09-21 08:08:00,,,10/21/2012 0:00,10/21/2012 0:00,2012-10-12 11:48:00,,,,2013-02-25 00:00:00,Active,30-045-35445,YAGER LS #001M,HILCORP ENERGY COMPANY,36.8524284,-108.0365601,Hilcorp - Yager LS 1M/Grenier23/Thurston Com 100,O&G-Production Facility,147.0,36.851667,-108.036111,,,,,,No,0
83,Steve Madrid,31881,PRN20120001,4897,Notice of Intent ,Hilcorp Energy Company,San Juan 20 & 20S Twinned Location,2012-09-21 08:18:00,,,10/21/2012 0:00,10/21/2012 0:00,2012-10-16 12:49:00,,,,2010-10-08 00:00:00,Active,30-045-34982,SAN JUAN #020S,HILCORP ENERGY COMPANY,36.6805382,-107.7543869,Hilcorp - San Juan 20 & 20S Twinned Location,O&G-Production Facility,41.0,36.680556,-107.753889,9.73,4.44,5.93,,,Yes,1
88,Teri Waldron,31930,PRN20120001,4918,Notice of Intent ,DJR Operating LLC - NM,Encana Oil - Escrito 124-2409,2012-10-05 16:27:00,,,11/4/2012 0:00,11/4/2012 0:00,2012-10-16 11:17:00,,,,2019-06-07 00:00:00,Active,30-045-35658,BLANCO WASH UNIT #403H,"DJR OPERATING, LLC",36.296811,-107.73216200000002,DJR - Blanco Wash Unit 401H,O&G-Well Head,16.0,36.297889,-107.732583,18.18,15.06,36.91,,,No,0
89,Teri Waldron,31930,PRN20120001,4918,Notice of Intent ,DJR Operating LLC - NM,Encana Oil - Escrito 124-2409,2012-10-05 16:27:00,,,11/4/2012 0:00,11/4/2012 0:00,2012-10-16 11:17:00,,,,2019-06-06 00:00:00,Active,30-045-35656,BLANCO WASH UNIT #402H,"DJR OPERATING, LLC",36.296883,-107.73211299999998,DJR - Blanco Wash Unit 401H,O&G-Well Head,16.0,36.297889,-107.732583,18.18,15.06,36.91,,,No,0
90,Teri Waldron,31930,PRN20120001,4918,Notice of Intent ,DJR Operating LLC - NM,Encana Oil - Escrito 124-2409,2012-10-05 16:27:00,,,11/4/2012 0:00,11/4/2012 0:00,2012-10-16 11:17:00,,,,2012-08-29 00:00:00,Active,30-045-35322,BLANCO WASH UNIT #401H,"DJR OPERATING, LLC",36.2978935,-107.7326126,DJR - Blanco Wash Unit 401H,O&G-Well Head,16.0,36.297889,-107.732583,18.18,15.06,36.91,,,Yes,1
101,Mark Jones,32123,PRN20120001,4978,Notice of Intent ,Hilcorp Energy Company,ConocoPhillips - Tommy Bolack 1P,2012-12-10 09:07:00,,,1/9/2013 0:00,1/9/2013 0:00,2013-01-09 15:40:00,,,,2013-03-04 00:00:00,Active,30-045-35436,TOMMY BOLACK #001P,HILCORP ENERGY COMPANY,36.8391151,-108.0540009,Hilcorp - Tommy Bolack 1P,O&G-Well Head,120.0,36.839,-108.053361,,,,,,No,0
103,Teri Waldron,32341,PRN20130001,5080,Notice of Intent ,DJR Operating LLC - NM,Escrito 116-2409,2013-03-11 12:31:00,,,4/10/2013 0:00,4/10/2013 0:00,2013-03-14 12:00:00,,,,2013-01-26 00:00:00,Active,30-045-35362,BLANCO WASH UNIT #328H,"DJR OPERATING, LLC",36.312965399999996,-107.78665159999998,DJR - Escrito I16-2409,O&G-Well Head,3.0,36.312917,-107.786694,7.4,14.5,27.3,,,Yes,1
107,Mark Jones,32433,PRN20130001,5107,Notice of Intent ,Hilcorp Energy Company,Canyon 19H Production Location,2013-04-10 13:56:00,,,5/10/2013 0:00,5/10/2013 0:00,2013-05-10 17:37:00,,,,2013-03-12 00:00:00,Active,30-045-35387,CANYON #019H,HILCORP ENERGY COMPANY,36.427535999999996,-107.9659882,Hilcorp - Canyon 19H Production Location,O&G-Production Facility,48.0,36.427556,-107.965944,1.2,18.5,63.9,,,Yes,1
110,Teri Waldron,32508,PRN20130001,5121,Notice of Intent ,Hilcorp Energy Company,XTO Energy - Martin Gas Com 1 Production Location,2013-05-07 17:03:00,,,6/6/2013 0:00,6/6/2013 0:00,2013-05-13 16:10:00,,,,2013-04-19 00:00:00,Active,30-045-35452,MARTIN GAS COM F #001H,HILCORP ENERGY COMPANY,36.5807915,-107.8706055,Hilcorp - Martin Gas Com 1 Production Location,O&G-Compressor Station,269.0,36.580833,-107.870556,11.3,18.6,63.9,,,Yes,1
113,Robert Spillers,32517,PRN20130001,5122,Notice of Intent ,Enduring Resources IV LLC,WPX Energy - Chaco 2408-32P No114H,2013-05-07 08:08:00,,,6/6/2013 0:00,6/6/2013 0:00,2013-06-06 14:41:00,,,,2013-01-04 00:00:00,Active,30-045-35441,CHACO 2408 32P #114H,"ENDURING RESOURCES, LLC",36.266895299999995,-107.6974945,Enduring Resources Inc - Chaco 2408-32P No114H,O&G-Compressor Station,50.0,36.2669,-107.69751,14.1,24.3,93.2,1.7,,Yes,1
119,Richard Poley,32567,PRN20130001,5141,Notice of Intent ,Enduring Resources IV LLC,WPX Energy Production - Chaco 2308-161 No147H,2013-05-24 12:11:00,,,6/23/2013 0:00,6/23/2013 0:00,2013-06-19 09:49:00,,,,2014-02-03 00:00:00,Active,30-045-35500,CHACO 2308 16I #148H,"ENDURING RESOURCES, LLC",36.2240143,-107.6791382,Enduring Resources - Chaco 2308-161 No147H,O&G-Tank Battery/Bulk Fuel Storage,58.0,36.2239,-107.679039,14.1,24.4,93.6,,,No,0
120,Richard Poley,32567,PRN20130001,5141,Notice of Intent ,Enduring Resources IV LLC,WPX Energy Production - Chaco 2308-161 No147H,2013-05-24 12:11:00,,,6/23/2013 0:00,6/23/2013 0:00,2013-06-19 09:49:00,,,,2013-02-20 00:00:00,Active,30-045-35439,CHACO 2308 16I #147H,"ENDURING RESOURCES, LLC",36.2239037,-107.6790314,Enduring Resources - Chaco 2308-161 No147H,O&G-Tank Battery/Bulk Fuel Storage,58.0,36.2239,-107.679039,14.1,24.4,93.6,,,Yes,1
129,Leslee Kimbrell,32660,PRN20130001,5214,Notice of Intent ,DJR Operating LLC - NM,Encana Oil & Gas Inc - Lybrook I02-2308,2013-07-01 08:55:00,,,7/31/2013 0:00,7/31/2013 0:00,2013-07-31 09:33:00,,,,2014-01-13 00:00:00,Active,30-045-35492,LYBROOK I02 2308 #002H,"DJR OPERATING, LLC",36.255127,-107.6445541,DJR - Lybrook I02-2308,O&G-Production Facility,308.0,36.25519,-107.64463899999998,5.28,9.3,88.43,3.58,,No,0
130,Leslee Kimbrell,32660,PRN20130001,5214,Notice of Intent ,DJR Operating LLC - NM,Encana Oil & Gas Inc - Lybrook I02-2308,2013-07-01 08:55:00,,,7/31/2013 0:00,7/31/2013 0:00,2013-07-31 09:33:00,,,,2013-05-11 00:00:00,Active,30-045-35365,LYBROOK I02 2308 #001H,"DJR OPERATING, LLC",36.2552223,-107.6446304,DJR - Lybrook I02-2308,O&G-Production Facility,74.0,36.25519,-107.64463899999998,5.28,9.3,88.43,3.58,,Yes,1
140,Antonia Tallarico,32672,PRN20130001,5169,Notice of Intent ,Hilcorp Energy Company,"XTO Energy Ropco 16-01, 16-01H & Salty Dog No5 SWD",2013-06-28 16:00:00,,,7/28/2013 0:00,7/28/2013 0:00,2013-07-10 12:28:00,,,,2013-05-18 00:00:00,Active,30-045-35455,ROPCO 16 #001H,HILCORP ENERGY COMPANY,36.7312965,-108.3094406,"Hilcorp - Ropco 16-01, 16-01H & Salty Dog No 5 SWD",O&G-Production Facility,31.0,36.731111,-108.311111,6.35,11.04,11.41,,,Yes,1
143,Richard Poley,32873,PRN20130001,5243,Notice of Intent ,DJR Operating LLC - NM,Encana Oil & Gas - Escrito D30-2408,2013-08-23 13:01:00,9/22/2013 14:54,,9/22/2013 0:00,9/22/2013 0:00,2013-10-01 13:52:00,,,,2013-08-02 00:00:00,Active,30-045-35467,CROW CANYON UNIT #701H,"DJR OPERATING, LLC",36.2913666,-107.7306213,DJR - Escrito D30-2408,O&G-Production Facility,86.0,36.291358,-107.730626,3.0,5.3,34.1,0.2,,Yes,1
151,Richard Poley,32875,PRN20130001,5242,Notice of Intent ,Juniper Resources Exploration Company LLC,Encana Oil & Gas  - Good Times L10-2410,2013-08-23 14:53:00,9/22/2013 14:53,,9/22/2013 0:00,9/22/2013 0:00,2013-10-01 11:57:00,,,,2013-06-05 00:00:00,Active,30-045-35442,PINON UNIT #307H,DUGAN PRODUCTION CORP,36.32563,-107.89165,Juniper Resources - Good Times L10-2410,O&G-Production Facility,55.0,36.32563,-107.89165,7.2,13.8,69.0,,,Yes,1
157,Lauren Dickerson,32884,PRN20130001,5251,Notice of Intent ,DJR Operating LLC - NM,Encana Oil - Escrito MO7-2409,2013-08-27 12:46:00,,,9/26/2013 0:00,9/26/2013 0:00,2013-09-26 11:24:00,,,,2010-08-23 00:00:00,Active,30-045-35144,SIXTEEN G'S COM #091,DUGAN PRODUCTION CORP,36.324192,-107.83658600000001,DJR - Escrito M07-2409,O&G-Production Facility,128.0,36.32412,-107.83755,8.15,15.78,37.11,,,Yes,1
158,Lauren Dickerson,32884,PRN20130001,5251,Notice of Intent ,DJR Operating LLC - NM,Encana Oil - Escrito MO7-2409,2013-08-27 12:46:00,,,9/26/2013 0:00,9/26/2013 0:00,2013-09-26 11:24:00,,,,2013-06-05 00:00:00,Active,30-045-35434,ESCRITO M07 2409 #002H,"DJR OPERATING, LLC",36.324104299999995,-107.8376541,DJR - Escrito M07-2409,O&G-Production Facility,19.0,36.32412,-107.83755,8.15,15.78,37.11,,,Yes,1
159,Lauren Dickerson,32884,PRN20130001,5251,Notice of Intent ,DJR Operating LLC - NM,Encana Oil - Escrito MO7-2409,2013-08-27 12:46:00,,,9/26/2013 0:00,9/26/2013 0:00,2013-09-26 11:24:00,,,,2013-06-19 00:00:00,Active,30-045-35435,ESCRITO M07 2409 #001H,"DJR OPERATING, LLC",36.32412720000001,-107.83755490000001,DJR - Escrito M07-2409,O&G-Production Facility,19.0,36.32412,-107.83755,8.15,15.78,37.11,,,Yes,1
167,Antonia Tallarico,32887,PRN20130001,5245,Notice of Intent ,Hilcorp Energy Company,ConocoPhillips - Day 2C,2013-08-27 13:39:00,,,9/26/2013 0:00,9/26/2013 0:00,2013-09-12 08:17:00,,,,2013-01-30 00:00:00,Active,30-045-35221,DAY #002C,HILCORP ENERGY COMPANY,36.7358093,-107.6828995,Hilcorp - Day 2C,O&G-Production Facility,249.0,36.735833,-107.682778,19.3,15.7,52.5,10.1,10.4,Yes,1
169,Antonia Tallarico,33013,PRN20130001,5304,Notice of Intent ,Enduring Resources IV LLC,WPX Energy  - Chaco 2408-36P No 143H,2013-10-01 13:47:00,,,10/31/2013 0:00,10/31/2013 0:00,2013-10-29 09:32:00,,,,2013-09-21 00:00:00,Active,30-045-35474,NW LYBROOK UNIT #143H,"ENDURING RESOURCES, LLC",36.265697499999995,-107.62503810000001,"Enduring Resources -  NW Lybrook UT No143,132",O&G-Production Facility,79.0,36.265681,-107.625069,12.0,22.3,62.8,,,Yes,1
173,Lauren Dickerson,33066,PRN20130001,5330,Notice of Intent ,DJR Operating LLC - NM,Encana OIl & Gas - Good Times D06-2309,2013-10-17 09:11:00,,,11/16/2013 0:00,11/16/2013 0:00,2013-11-14 15:10:00,,,,2013-07-04 00:00:00,Active,30-045-35419,GOOD TIMES D06 2309 #001H,"DJR OPERATING, LLC",36.2626762,-107.8369064,DJR - Good Times D06-2309,O&G-Production Facility,21.0,36.26265,-107.8369,7.5,15.4,33.0,,,Yes,1
177,Rhonda Romero,33074,PRN20130001,5331,Notice of Intent ,DJR Operating LLC - NM,Encana Oil & Gas - Escrito A31-2409,2013-10-17 10:36:00,,,11/16/2013 0:00,11/16/2013 0:00,2013-11-13 14:16:00,,,,2013-05-20 00:00:00,Active,30-045-35390,ESCRITO A31 2409 #001H,"DJR OPERATING, LLC",36.2750854,-107.8222733,DJR - Escrito A31-2409,O&G-Production Facility,25.0,36.27501,-107.82221,12.3,12.5,36.0,,,Yes,1
185,Elizabeth Kuehn,33097,PRN20140001,5350 GCP6,GCP6 - New,DJR Operating LLC - NM,Encana  - Good Times P34-2410,2014-03-03 08:27:00,,,4/2/2014 0:00,4/2/2014 0:00,,,6/13/2014 12:07,,2010-07-23 00:00:00,Active,30-045-34983,MARTINEZ BEGAY COM #001,DUGAN PRODUCTION CORP,36.266315500000005,-107.8781662,DJR - Good Times P34-2410,O&G-Production Facility,254.0,36.26484,-107.87588,1.49,2.42,9.13,,,No,0
186,Elizabeth Kuehn,33097,PRN20140001,5350 GCP6,GCP6 - New,DJR Operating LLC - NM,Encana  - Good Times P34-2410,2014-03-03 08:27:00,,,4/2/2014 0:00,4/2/2014 0:00,,,6/13/2014 12:07,,2013-10-04 00:00:00,Active,30-045-35367,GOOD TIMES P34 2410 #001H,"DJR OPERATING, LLC",36.2648849,-107.87588500000001,DJR - Good Times P34-2410,O&G-Production Facility,62.0,36.26484,-107.87588,1.49,2.42,9.13,,,No,0
187,Rhonda Romero,33097,PRN20130001,5350,Notice of Intent ,DJR Operating LLC - NM,Encana Oil & Gas - Good Times P34-2410,2013-10-25 10:37:00,,,11/24/2013 0:00,11/24/2013 0:00,2013-11-21 08:34:00,,,,2010-07-23 00:00:00,Active,30-045-34983,MARTINEZ BEGAY COM #001,DUGAN PRODUCTION CORP,36.266315500000005,-107.8781662,DJR - Good Times P34-2410,O&G-Production Facility,254.0,36.26484,-107.87588,1.49,2.42,9.13,,,Yes,1
188,Rhonda Romero,33097,PRN20130001,5350,Notice of Intent ,DJR Operating LLC - NM,Encana Oil & Gas - Good Times P34-2410,2013-10-25 10:37:00,,,11/24/2013 0:00,11/24/2013 0:00,2013-11-21 08:34:00,,,,2013-10-04 00:00:00,Active,30-045-35367,GOOD TIMES P34 2410 #001H,"DJR OPERATING, LLC",36.2648849,-107.87588500000001,DJR - Good Times P34-2410,O&G-Production Facility,62.0,36.26484,-107.87588,1.49,2.42,9.13,,,Yes,1
201,Greg Tickle,33206,PRN20130001,5420,Notice of Intent ,DJR Operating LLC - NM,Encana Oil  & Gas (USA Inc - Escrito E07-2409,2013-11-25 09:31:00,,,12/25/2013 0:00,12/25/2013 0:00,2013-12-09 10:54:00,,,,2010-08-04 00:00:00,Active,30-045-35143,SIXTEEN G'S #090S,DUGAN PRODUCTION CORP,36.3322868,-107.8370361,DJR - Escrito E07-2409,O&G-Production Facility,133.0,36.33132,-107.83839,7.4,15.0,30.2,0.008,,Yes,1
202,Greg Tickle,33206,PRN20130001,5420,Notice of Intent ,DJR Operating LLC - NM,Encana Oil  & Gas (USA Inc - Escrito E07-2409,2013-11-25 09:31:00,,,12/25/2013 0:00,12/25/2013 0:00,2013-12-09 10:54:00,,,,2014-02-27 00:00:00,Active,30-045-35432,ESCRITO E07 2409 #001H,"DJR OPERATING, LLC",36.33132929999999,-107.8383865,DJR - Escrito E07-2409,O&G-Production Facility,18.0,36.33132,-107.83839,7.4,15.0,30.2,0.008,,No,0
210,Greg Tickle,33235,PRN20130001,5431,Notice of Intent ,Enduring Resources IV LLC,WPX Energy - Chaco 2308-04P No150H,2013-12-06 09:10:00,,,1/5/2014 0:00,1/5/2014 0:00,2013-12-13 08:24:00,,,,2014-09-22 00:00:00,Active,30-045-35587,CHACO 2308 04P #406H,"ENDURING RESOURCES, LLC",36.2526169,-107.67864990000001,Enduring Resources - Chaco 2308-04P No150 H,O&G-Production Facility,59.0,36.252569,-107.678931,7.9,14.2,62.4,1.1,0.02,No,0
211,Greg Tickle,33235,PRN20130001,5431,Notice of Intent ,Enduring Resources IV LLC,WPX Energy - Chaco 2308-04P No150H,2013-12-06 09:10:00,,,1/5/2014 0:00,1/5/2014 0:00,2013-12-13 08:24:00,,,,2014-01-22 00:00:00,Active,30-045-35497,CHACO 2308 04P #150H,"ENDURING RESOURCES, LLC",36.2525864,-107.67890929999999,Enduring Resources - Chaco 2308-04P No150 H,O&G-Production Facility,59.0,36.252569,-107.678931,7.9,14.2,62.4,1.1,0.02,No,0
212,Greg Tickle,33235,PRN20130001,5431,Notice of Intent ,Enduring Resources IV LLC,WPX Energy - Chaco 2308-04P No150H,2013-12-06 09:10:00,,,1/5/2014 0:00,1/5/2014 0:00,2013-12-13 08:24:00,,,,2014-01-20 00:00:00,Active,30-045-35495,CHACO 2308 04P #149H,"ENDURING RESOURCES, LLC",36.2526016,-107.67877959999998,Enduring Resources - Chaco 2308-04P No150 H,O&G-Production Facility,59.0,36.252569,-107.678931,7.9,14.2,62.4,1.1,0.02,No,0
225,Richard Poley,33272,PRN20130001,5452,Notice of Intent ,"Enduring Resources, LLC",WPX Energy - Chaco 2308-09A No 145H,2013-12-17 09:07:00,,,1/16/2014 0:00,1/16/2014 0:00,2014-01-13 08:39:00,,,,2013-12-16 00:00:00,Active,30-045-35496,CHACO 2308 09A #145H,"ENDURING RESOURCES, LLC",36.2464638,-107.6786575,WPX Energy - Chaco 2308-09A No 145H,O&G-Production Facility,57.0,36.24645,-107.678669,,,,,,Yes,1
226,Richard Poley,33272,PRN20130001,5452,Notice of Intent ,"Enduring Resources, LLC",WPX Energy - Chaco 2308-09A No 145H,2013-12-17 09:07:00,,,1/16/2014 0:00,1/16/2014 0:00,2014-01-13 08:39:00,,,,2014-01-13 00:00:00,Active,30-045-35498,CHACO 2308 09A #146H,"ENDURING RESOURCES, LLC",36.2464256,-107.6785355,WPX Energy - Chaco 2308-09A No 145H,O&G-Production Facility,57.0,36.24645,-107.678669,,,,,,Yes,1
231,Kathleen Primm,33314,PRN20140001,5476,Notice of Intent ,Enduring Resources IV LLC,WPX Energy - Chaco 2308-14E No.151H,2014-01-07 14:38:00,,,2/6/2014 0:00,2/6/2014 0:00,2014-02-06 10:19:00,,,,2014-04-09 00:00:00,Active,30-045-35503,CHACO 2308 14E #151H,"ENDURING RESOURCES, LLC",36.230381,-107.6590347,Enduring Resources - Chaco 2308-14E No151H,O&G-Production Facility,68.0,36.230389,-107.659028,14.1,24.3,92.5,1.45,,No,0
232,Kathleen Primm,33314,PRN20140001,5476,Notice of Intent ,Enduring Resources IV LLC,WPX Energy - Chaco 2308-14E No.151H,2014-01-07 14:38:00,,,2/6/2014 0:00,2/6/2014 0:00,2014-02-06 10:19:00,,,,2014-04-14 00:00:00,Active,30-045-35504,CHACO 2308 14E #152H,"ENDURING RESOURCES, LLC",36.230342900000004,-107.6590881,Enduring Resources - Chaco 2308-14E No151H,O&G-Production Facility,68.0,36.230389,-107.659028,14.1,24.3,92.5,1.45,,No,0
239,Greg Tickle,33316,PRN20140001,5477,Notice of Intent ,Encana Oil & Gas (USA) Inc,Encana Oil and Gas - Escrito L17-2409,2014-01-07 15:08:00,,,2/6/2014 0:00,2/6/2014 0:00,2014-01-21 15:57:00,,,,2014-03-26 00:00:00,Active,30-045-35488,GOOD TIMES UNIT #302H,"DJR OPERATING, LLC",36.3114471,-107.82042690000002,Encana Oil and Gas - Escrito L17-2409,O&G-Production Facility,23.0,36.311547,-107.820357,12.0,12.6,75.8,0.1,,No,0
240,Greg Tickle,33316,PRN20140001,5477,Notice of Intent ,Encana Oil & Gas (USA) Inc,Encana Oil and Gas - Escrito L17-2409,2014-01-07 15:08:00,,,2/6/2014 0:00,2/6/2014 0:00,2014-01-21 15:57:00,,,,2014-03-13 00:00:00,Active,30-045-35487,GOOD TIMES UNIT #301H,"DJR OPERATING, LLC",36.3115158,-107.8203659,Encana Oil and Gas - Escrito L17-2409,O&G-Production Facility,23.0,36.311547,-107.820357,12.0,12.6,75.8,0.1,,No,0
241,Greg Tickle,33316,PRN20140001,5477,Notice of Intent ,Encana Oil & Gas (USA) Inc,Encana Oil and Gas - Escrito L17-2409,2014-01-07 15:08:00,,,2/6/2014 0:00,2/6/2014 0:00,2014-01-21 15:57:00,,,,2014-07-14 00:00:00,Active,30-045-35545,BLANCO WASH UNIT #329H,"DJR OPERATING, LLC",36.311616,-107.820298,Encana Oil and Gas - Escrito L17-2409,O&G-Production Facility,23.0,36.311547,-107.820357,12.0,12.6,75.8,0.1,,No,0
248,Richard Poley,33642,PRN20140001,5590,Notice of Intent ,DJR Operating LLC - NM,Encana Oil & Gas - Escrito L17-2409,2014-03-28 15:59:00,,,4/27/2014 0:00,4/27/2014 0:00,2014-04-23 11:50:00,,,,2014-03-26 00:00:00,Active,30-045-35488,GOOD TIMES UNIT #302H,"DJR OPERATING, LLC",36.3114471,-107.82042690000002,DJR - Escrito L17 - 2409,O&G-Production Facility,23.0,36.311547,-107.820357,10.5,20.2,44.5,,,Yes,1
249,Richard Poley,33642,PRN20140001,5590,Notice of Intent ,DJR Operating LLC - NM,Encana Oil & Gas - Escrito L17-2409,2014-03-28 15:59:00,,,4/27/2014 0:00,4/27/2014 0:00,2014-04-23 11:50:00,,,,2014-03-13 00:00:00,Active,30-045-35487,GOOD TIMES UNIT #301H,"DJR OPERATING, LLC",36.3115158,-107.8203659,DJR - Escrito L17 - 2409,O&G-Production Facility,23.0,36.311547,-107.820357,10.5,20.2,44.5,,,Yes,1
250,Richard Poley,33642,PRN20140001,5590,Notice of Intent ,DJR Operating LLC - NM,Encana Oil & Gas - Escrito L17-2409,2014-03-28 15:59:00,,,4/27/2014 0:00,4/27/2014 0:00,2014-04-23 11:50:00,,,,2014-07-14 00:00:00,Active,30-045-35545,BLANCO WASH UNIT #329H,"DJR OPERATING, LLC",36.311616,-107.820298,DJR - Escrito L17 - 2409,O&G-Production Facility,23.0,36.311547,-107.820357,10.5,20.2,44.5,,,No,0
263,Greg Tickle,33693,PRN20140001,5604,Notice of Intent ,Enduring Resources IV LLC,WPX Energy -Chaco 2408-25M No 237,2014-04-04 11:29:00,,,5/4/2014 0:00,5/4/2014 0:00,2014-04-21 14:33:00,,,,2014-04-28 00:00:00,Active,30-045-35529,NW LYBROOK UNIT #289H,"ENDURING RESOURCES, LLC",36.2787476,-107.6411057,Enduring Resources -Chaco 2408-25M No237,O&G-Production Facility,80.0,36.27875,-107.64123899999998,17.1,24.3,78.1,,,No,0
264,Greg Tickle,33693,PRN20140001,5604,Notice of Intent ,Enduring Resources IV LLC,WPX Energy -Chaco 2408-25M No 237,2014-04-04 11:29:00,,,5/4/2014 0:00,5/4/2014 0:00,2014-04-21 14:33:00,,,,2014-05-05 00:00:00,Active,30-045-35499,CHACO 2408 25M #237H,"ENDURING RESOURCES, LLC",36.278766600000004,-107.6412506,Enduring Resources -Chaco 2408-25M No237,O&G-Production Facility,80.0,36.27875,-107.64123899999998,17.1,24.3,78.1,,,No,0
265,Greg Tickle,33693,PRN20140001,5604,Notice of Intent ,Enduring Resources IV LLC,WPX Energy -Chaco 2408-25M No 237,2014-04-04 11:29:00,,,5/4/2014 0:00,5/4/2014 0:00,2014-04-21 14:33:00,,,,2014-04-30 00:00:00,Active,30-045-35507,NW LYBROOK UNIT #131H,"ENDURING RESOURCES, LLC",36.2787552,-107.6411819,Enduring Resources -Chaco 2408-25M No237,O&G-Production Facility,80.0,36.27875,-107.64123899999998,17.1,24.3,78.1,,,No,0
269,Richard Poley,33925,PRN20140001,5656,Notice of Intent ,"Enduring Resources, LLC",WPX Energy - Chaco 2308-24H No153H,2014-04-28 11:28:00,,,5/28/2014 0:00,5/28/2014 0:00,2014-05-28 10:03:00,,,,2014-11-12 00:00:00,Active,30-045-35549,CHACO 2308 24H #154H,"ENDURING RESOURCES, LLC",36.215022999999995,-107.6249466,WPX Energy - Chaco 2308-24H No153H,O&G-Production Facility,315.0,36.215069,-107.62495,,,,,,No,0
270,Richard Poley,33925,PRN20140001,5656,Notice of Intent ,"Enduring Resources, LLC",WPX Energy - Chaco 2308-24H No153H,2014-04-28 11:28:00,,,5/28/2014 0:00,5/28/2014 0:00,2014-05-28 10:03:00,,,,2014-11-10 00:00:00,Active,30-045-35550,CHACO 2308 24H #153H,"ENDURING RESOURCES, LLC",36.2150841,-107.6249466,WPX Energy - Chaco 2308-24H No153H,O&G-Production Facility,315.0,36.215069,-107.62495,,,,,,No,0
273,Adam Ullom,33983,PRN20140001,5668,Notice of Intent ,Enduring Resources IV LLC,WPX Energy - Chaco 2308-24I No155H,2014-05-02 15:58:00,,,6/1/2014 0:00,6/1/2014 0:00,2014-05-16 13:45:00,,,,2014-11-05 00:00:00,Active,30-045-35548,CHACO 2308 24I #156H,"ENDURING RESOURCES, LLC",36.209404,-107.62509159999999,"Enduring Resources - Chaco 155,156,153,154",O&G-Production Facility,312.0,36.209389,-107.625161,21.6,24.2,91.4,1.8,,No,0
274,Adam Ullom,33983,PRN20140001,5668,Notice of Intent ,Enduring Resources IV LLC,WPX Energy - Chaco 2308-24I No155H,2014-05-02 15:58:00,,,6/1/2014 0:00,6/1/2014 0:00,2014-05-16 13:45:00,,,,2014-11-03 00:00:00,Active,30-045-35551,CHACO 2308 24I #155H,"ENDURING RESOURCES, LLC",36.209404,-107.62516780000001,"Enduring Resources - Chaco 155,156,153,154",O&G-Production Facility,312.0,36.209389,-107.625161,21.6,24.2,91.4,1.8,,No,0
285,Adam Ullom,34046,PRN20140001,5694,Notice of Intent ,DJR Operating LLC - NM,Encana - Good Times P36-2410,2014-05-09 16:11:00,,,6/8/2014 0:00,6/8/2014 0:00,2014-05-29 10:29:00,,,,2014-05-13 00:00:00,Active,30-045-35476,GOOD TIMES P36 2410 #001H,"DJR OPERATING, LLC",36.266929600000005,-107.84004209999999,DJR - Good Times P36-2410,O&G-Production Facility,75.0,36.26693,-107.84003,4.8,8.2,15.2,3.58,,Yes,1
286,Adam Ullom,34046,PRN20140001,5694,Notice of Intent ,DJR Operating LLC - NM,Encana - Good Times P36-2410,2014-05-09 16:11:00,,,6/8/2014 0:00,6/8/2014 0:00,2014-05-29 10:29:00,,,,2014-05-24 00:00:00,Active,30-045-35482,GOOD TIMES P36 2410 #002H,"DJR OPERATING, LLC",36.266845700000005,-107.84004209999999,DJR - Good Times P36-2410,O&G-Production Facility,75.0,36.26693,-107.84003,4.8,8.2,15.2,3.58,,Yes,1
297,Adam Ullom,34059,PRN20140001,5697,Notice of Intent ,DJR Operating LLC - NM,Encana - P36A-2410,2014-05-09 15:32:00,,,6/8/2014 0:00,6/8/2014 0:00,2014-05-29 13:40:00,,,,2014-06-16 00:00:00,Active,30-045-35450,GOOD TIMES P36A 2410 #003H,"DJR OPERATING, LLC",36.26402279999999,-107.84209440000001,DJR - Good Times P36A-2410,O&G-Production Facility,72.0,36.26402,-107.84208999999998,4.8,8.2,15.8,3.58,0.01,No,0
298,Adam Ullom,34059,PRN20140001,5697,Notice of Intent ,DJR Operating LLC - NM,Encana - P36A-2410,2014-05-09 15:32:00,,,6/8/2014 0:00,6/8/2014 0:00,2014-05-29 13:40:00,,,,2014-06-04 00:00:00,Active,30-045-35449,GOOD TIMES P36A 2410 #001H,"DJR OPERATING, LLC",36.2640953,-107.84205630000001,DJR - Good Times P36A-2410,O&G-Production Facility,72.0,36.26402,-107.84208999999998,4.8,8.2,15.8,3.58,0.01,No,0
305,Adam Ullom,34075,PRN20140001,5703,Notice of Intent ,Enduring Resources IV LLC,WPX Energy - Chaco 2408-360 No 134H,2014-05-20 08:50:00,,,6/19/2014 0:00,6/19/2014 0:00,2014-05-28 08:59:00,,,,2015-02-25 00:00:00,Active,30-045-35623,NW LYBROOK UNIT #133H,"ENDURING RESOURCES, LLC",36.265553999999995,-107.632825,Enduring Resources - Chaco 2408-360 No134H,O&G-Production Facility,83.0,36.265519,-107.63276100000002,15.1,24.8,47.7,,,No,0
306,Adam Ullom,34075,PRN20140001,5703,Notice of Intent ,Enduring Resources IV LLC,WPX Energy - Chaco 2408-360 No 134H,2014-05-20 08:50:00,,,6/19/2014 0:00,6/19/2014 0:00,2014-05-28 08:59:00,,,,2015-02-26 00:00:00,Active,30-045-35622,NW LYBROOK UNIT #134H,"ENDURING RESOURCES, LLC",36.26555054,-107.63277039,Enduring Resources - Chaco 2408-360 No134H,O&G-Production Facility,83.0,36.265519,-107.63276100000002,15.1,24.8,47.7,,,No,0
310,Kathleen Primm,34144,PRN20140001,5735,Notice of Intent ,DJR Operating LLC - NM,Encana - Lybrook H04-2208,2014-05-30 15:42:00,,,6/29/2014 0:00,6/29/2014 0:00,2014-06-27 11:53:00,,,,2014-10-27 00:00:00,Active,30-045-35328,BETONNIE TSOSIE WASH UNIT #601H,"DJR OPERATING, LLC",36.1706886,-107.6789551,DJR - Betonnie Tsosie Unit 601H,O&G-Production Facility,61.0,36.17069,-107.67901,12.16,12.16,19.08,,,No,0
316,Richard Poley,34196,PRN20140001,5845,Notice of Intent ,DJR Operating LLC - NM,Encana - Escrito L18-2409,2014-06-11 08:51:00,,,7/11/2014 0:00,7/11/2014 0:00,2014-07-10 09:08:00,,,,2014-09-13 00:00:00,Active,30-045-35489,GOOD TIMES UNIT #304H,"DJR OPERATING, LLC",36.3107834,-107.8377304,DJR - Escrito L18-2409,O&G-Production Facility,20.0,36.31086,-107.83775,8.2,15.9,39.8,,,No,0
317,Richard Poley,34196,PRN20140001,5845,Notice of Intent ,DJR Operating LLC - NM,Encana - Escrito L18-2409,2014-06-11 08:51:00,,,7/11/2014 0:00,7/11/2014 0:00,2014-07-10 09:08:00,,,,2014-08-29 00:00:00,Active,30-045-35486,GOOD TIMES UNIT #303H,"DJR OPERATING, LLC",36.3108597,-107.8377533,DJR - Escrito L18-2409,O&G-Production Facility,20.0,36.31086,-107.83775,8.2,15.9,39.8,,,No,0
323,Antonia Tallarico,34248,PRN20140001,5932,Notice of Intent ,DJR Operating LLC - NM,Encanca - Escrito L27-2409,2014-07-22 12:08:00,,,8/21/2014 0:00,8/21/2014 0:00,2014-07-31 09:27:00,,,,2014-07-27 00:00:00,Active,30-045-35481,NAGEEZI UNIT #220H,"DJR OPERATING, LLC",36.28434,-107.78441000000001,"DJR - Nageezi Unit 219H,220H and 221H",O&G-Production Facility,1.0,36.28443,-107.78441,8.06,13.26,21.65,,,Yes,1
324,Antonia Tallarico,34248,PRN20140001,5932,Notice of Intent ,DJR Operating LLC - NM,Encanca - Escrito L27-2409,2014-07-22 12:08:00,,,8/21/2014 0:00,8/21/2014 0:00,2014-07-31 09:27:00,,,,2014-08-08 00:00:00,Active,30-045-35478,NAGEEZI UNIT #219H,"DJR OPERATING, LLC",36.28443,-107.78441000000001,"DJR - Nageezi Unit 219H,220H and 221H",O&G-Production Facility,1.0,36.28443,-107.78441,8.06,13.26,21.65,,,No,0
325,Antonia Tallarico,34248,PRN20140001,5932,Notice of Intent ,DJR Operating LLC - NM,Encanca - Escrito L27-2409,2014-07-22 12:08:00,,,8/21/2014 0:00,8/21/2014 0:00,2014-07-31 09:27:00,,,,2017-03-17 00:00:00,Active,30-045-35820,NAGEEZI UNIT #221H,"DJR OPERATING, LLC",36.284503,-107.784374,"DJR - Nageezi Unit 219H,220H and 221H",O&G-Production Facility,1.0,36.28443,-107.78441,8.06,13.26,21.65,,,No,0
339,Adam Ullom,34251,PRN20140001,5875,Notice of Intent ,Enduring Resources IV LLC,WPX Energy - Chaco 2408-33D No 112H,2014-06-17 08:32:00,,,7/17/2014 0:00,7/17/2014 0:00,2014-06-25 09:20:00,,,,2014-12-09 00:00:00,Active,30-045-35605,MC 5 COM #112H,"ENDURING RESOURCES, LLC",36.274578999999996,-107.69482099999999,"Enduring Resources Inc - MC 5 Com No112H, 113H, 906H, 119H Well Site",O&G-Production Facility,48.0,36.274581,-107.694819,13.7,23.9,89.6,,,No,0
340,Adam Ullom,34251,PRN20140001,5875,Notice of Intent ,Enduring Resources IV LLC,WPX Energy - Chaco 2408-33D No 112H,2014-06-17 08:32:00,,,7/17/2014 0:00,7/17/2014 0:00,2014-06-25 09:20:00,,,,2014-12-11 00:00:00,Active,30-045-35606,MC 5 COM #906H,"ENDURING RESOURCES, LLC",36.274618,-107.694763,"Enduring Resources Inc - MC 5 Com No112H, 113H, 906H, 119H Well Site",O&G-Production Facility,48.0,36.274581,-107.694819,13.7,23.9,89.6,,,No,0
341,Adam Ullom,34251,PRN20140001,5875,Notice of Intent ,Enduring Resources IV LLC,WPX Energy - Chaco 2408-33D No 112H,2014-06-17 08:32:00,,,7/17/2014 0:00,7/17/2014 0:00,2014-06-25 09:20:00,,,,2014-11-17 00:00:00,Active,30-045-35602,MC 5 COM #113H,"ENDURING RESOURCES, LLC",36.27453337,-107.69478751,"Enduring Resources Inc - MC 5 Com No112H, 113H, 906H, 119H Well Site",O&G-Production Facility,48.0,36.274581,-107.694819,13.7,23.9,89.6,,,No,0
342,Adam Ullom,34251,PRN20140001,5875,Notice of Intent ,Enduring Resources IV LLC,WPX Energy - Chaco 2408-33D No 112H,2014-06-17 08:32:00,,,7/17/2014 0:00,7/17/2014 0:00,2014-06-25 09:20:00,,,,2014-11-19 00:00:00,Active,30-045-35601,MC 5 COM #119H,"ENDURING RESOURCES, LLC",36.274541,-107.694878,"Enduring Resources Inc - MC 5 Com No112H, 113H, 906H, 119H Well Site",O&G-Production Facility,48.0,36.274581,-107.694819,13.7,23.9,89.6,,,No,0
357,Richard Poley,34412,PRN20140001,5921,Notice of Intent ,DJR Operating LLC - NM,Encana - Escrito M27-2409,2014-07-09 16:19:00,,,8/8/2014 0:00,8/8/2014 0:00,2014-08-06 10:37:00,,,,2014-08-09 00:00:00,Active,30-045-35480,NAGEEZI UNIT #222H,"DJR OPERATING, LLC",36.28136,-107.78415,DJR - Escrito M27-2409,O&G-Production Facility,1.0,36.2813,-107.78415,6.8,12.3,20.8,,,No,0
358,Richard Poley,34412,PRN20140001,5921,Notice of Intent ,DJR Operating LLC - NM,Encana - Escrito M27-2409,2014-07-09 16:19:00,,,8/8/2014 0:00,8/8/2014 0:00,2014-08-06 10:37:00,,,,2014-07-28 00:00:00,Active,30-045-35479,NAGEEZI UNIT #223H,"DJR OPERATING, LLC",36.281279999999995,-107.78419,DJR - Escrito M27-2409,O&G-Production Facility,4.0,36.2813,-107.78415,6.8,12.3,20.8,,,Yes,1
365,Richard Poley,34414,PRN20140001,5920,Notice of Intent ,DJR Operating LLC - NM,Encana - Escrito D34-2409,2014-07-09 17:01:00,,,8/8/2014 0:00,8/8/2014 0:00,2014-08-05 15:49:00,,,,2014-08-02 00:00:00,Active,30-045-35440,NAGEEZI UNIT #320H,"DJR OPERATING, LLC",36.274794,-107.78363,DJR - Nageezi Unit 320H and 321H,O&G-Production Facility,2.0,36.27479,-107.78363,4.9,8.8,33.6,,,Yes,1
366,Richard Poley,34414,PRN20140001,5920,Notice of Intent ,DJR Operating LLC - NM,Encana - Escrito D34-2409,2014-07-09 17:01:00,,,8/8/2014 0:00,8/8/2014 0:00,2014-08-05 15:49:00,,,,2014-08-16 00:00:00,Active,30-045-35583,NAGEEZI UNIT #321H,"DJR OPERATING, LLC",36.274721,-107.78358300000001,DJR - Nageezi Unit 320H and 321H,O&G-Production Facility,2.0,36.27479,-107.78363,4.9,8.8,33.6,,,No,0
373,Kathleen Primm,34424,PRN20140001,5926,Notice of Intent ,Enduring Resources IV LLC,WPX Energy - Chaco 2308-04D No 282H Well Site,2014-07-16 12:37:00,,,8/15/2014 0:00,8/15/2014 0:00,2014-07-29 09:57:00,,,,2015-01-14 00:00:00,Active,30-045-35615,MC 1 COM #458H,"ENDURING RESOURCES, LLC",36.262256,-107.693619,Enduring Resources - Chaco 2308-04D No282H Well Site,O&G-Production Facility,52.0,36.262267,-107.693544,16.0,24.3,82.5,24.3,,No,0
374,Kathleen Primm,34424,PRN20140001,5926,Notice of Intent ,Enduring Resources IV LLC,WPX Energy - Chaco 2308-04D No 282H Well Site,2014-07-16 12:37:00,,,8/15/2014 0:00,8/15/2014 0:00,2014-07-29 09:57:00,,,,2015-01-07 00:00:00,Active,30-045-35616,MC 1 COM #282H,"ENDURING RESOURCES, LLC",36.262267,-107.693545,Enduring Resources - Chaco 2308-04D No282H Well Site,O&G-Production Facility,52.0,36.262267,-107.693544,16.0,24.3,82.5,24.3,,No,0
379,Adam Ullom,34569,PRN20140001,5953,Notice of Intent ,DJR Operating LLC - NM,Encana - Escrito L14-2408,2014-08-01 15:42:00,,,8/31/2014 0:00,8/31/2014 0:00,2014-08-13 10:15:00,,,,2014-09-16 00:00:00,Active,30-045-35533,ESCRITO L14 2408 #003H,"DJR OPERATING, LLC",36.3106308,-107.6604233,DJR - Escrito L14-2408,O&G-Production Facility,65.0,36.310746,-107.66038799999998,9.05,17.08,67.08,,,No,0
380,Adam Ullom,34569,PRN20140001,5953,Notice of Intent ,DJR Operating LLC - NM,Encana - Escrito L14-2408,2014-08-01 15:42:00,,,8/31/2014 0:00,8/31/2014 0:00,2014-08-13 10:15:00,,,,2014-10-03 00:00:00,Active,30-045-35534,ESCRITO L14 2408 #004H,"DJR OPERATING, LLC",36.310714700000005,-107.66044620000001,DJR - Escrito L14-2408,O&G-Production Facility,65.0,36.310746,-107.66038799999998,9.05,17.08,67.08,,,No,0
386,Mary Gerhart,34577,PRN20140001,5955,Notice of Intent ,Enduring Resources IV LLC,WPX Energy-Chaco 2308-04L No 283H,2014-08-05 12:29:00,,,9/4/2014 0:00,9/4/2014 0:00,2014-09-04 12:22:00,,,,2015-02-05 00:00:00,Active,30-045-35608,MC 2 COM #283H,"ENDURING RESOURCES, LLC",36.25571,-107.694604,Enduring Resources - Chaco 2308-04L No283H,O&G-Production Facility,53.0,36.255708,-107.694603,17.9,23.5,88.5,,,No,0
387,Mary Gerhart,34577,PRN20140001,5955,Notice of Intent ,Enduring Resources IV LLC,WPX Energy-Chaco 2308-04L No 283H,2014-08-05 12:29:00,,,9/4/2014 0:00,9/4/2014 0:00,2014-09-04 12:22:00,,,,2015-02-03 00:00:00,Active,30-045-35627,MC 4 COM #459H,"ENDURING RESOURCES, LLC",36.255712,-107.694529,Enduring Resources - Chaco 2308-04L No283H,O&G-Production Facility,53.0,36.255708,-107.694603,17.9,23.5,88.5,,,No,0
388,Mary Gerhart,34577,PRN20140001,5955,Notice of Intent ,Enduring Resources IV LLC,WPX Energy-Chaco 2308-04L No 283H,2014-08-05 12:29:00,,,9/4/2014 0:00,9/4/2014 0:00,2014-09-04 12:22:00,,,,2015-02-09 00:00:00,Active,30-045-35607,MC 3 COM #284H,"ENDURING RESOURCES, LLC",36.25574206,-107.69469584,Enduring Resources - Chaco 2308-04L No283H,O&G-Production Facility,53.0,36.255708,-107.694603,17.9,23.5,88.5,,,No,0
393,Antonia Tallarico,34605,PRN20140001,5960,Notice of Intent ,DJR Operating LLC - NM,Encana Oil & Gas- Escrito M32-2408,2014-08-11 08:42:00,,,9/10/2014 0:00,9/10/2014 0:00,2014-08-21 10:25:00,,,,2014-10-07 00:00:00,Active,30-045-35521,ESCRITO M32 2408 #001H,"DJR OPERATING, LLC",36.2647362,-107.7139893,DJR - Escrito M32-2408,O&G-Production Facility,198.0,36.264735,-107.71399,7.6,15.6,35.9,,,No,0
397,Antonia Tallarico,34636,PRN20140001,5975,Notice of Intent ,DJR Operating LLC - NM,Encana - Lybrook O35-2308,2014-08-14 15:10:00,,,9/13/2014 0:00,9/13/2014 0:00,2014-08-22 12:23:00,,,,2014-10-15 00:00:00,Active,30-045-35524,LYBROOK O35 2308 #002H,"DJR OPERATING, LLC",36.176826500000004,-107.64676670000001,DJR - Lybrook O35-2308,O&G-Production Facility,73.0,36.17689,-107.64684,8.2,16.0,41.1,,,No,0
398,Antonia Tallarico,34636,PRN20140001,5975,Notice of Intent ,DJR Operating LLC - NM,Encana - Lybrook O35-2308,2014-08-14 15:10:00,,,9/13/2014 0:00,9/13/2014 0:00,2014-08-22 12:23:00,,,,2014-10-27 00:00:00,Active,30-045-35525,LYBROOK O35 2308 #001H,"DJR OPERATING, LLC",36.1768761,-107.64685060000001,DJR - Lybrook O35-2308,O&G-Production Facility,73.0,36.17689,-107.64684,8.2,16.0,41.1,,,No,0
405,Antonia Tallarico,34637,PRN20140001,5974,Notice of Intent ,Juniper Resources Exploration Company LLC,Encana - Pinon Unit D14-2410,2014-08-15 15:49:00,,,9/14/2014 0:00,9/14/2014 0:00,2014-08-22 08:55:00,,,,2014-10-17 00:00:00,Active,30-045-35493,PINON UNIT #301H,DUGAN PRODUCTION CORP,36.31767,-107.87302,Juniper Resources - Pinon Unit D14-2410,O&G-Production Facility,274.0,36.317623,-107.873039,8.3,,65.4,,,No,0
406,Antonia Tallarico,34637,PRN20140001,5974,Notice of Intent ,Juniper Resources Exploration Company LLC,Encana - Pinon Unit D14-2410,2014-08-15 15:49:00,,,9/14/2014 0:00,9/14/2014 0:00,2014-08-22 08:55:00,,,,2014-11-03 00:00:00,Active,30-045-35530,PINON UNIT #302H,DUGAN PRODUCTION CORP,36.3175621,-107.8731003,Juniper Resources - Pinon Unit D14-2410,O&G-Production Facility,274.0,36.317623,-107.873039,8.3,,65.4,,,No,0
413,Kathleen Primm,34655,PRN20140001,5982,Notice of Intent ,Enduring Resources IV LLC,Logos Operating - Sarah B No 1H Well Site,2014-08-19 16:17:00,,,9/18/2014 0:00,9/18/2014 0:00,2014-08-28 11:54:00,,,,2014-11-24 00:00:00,Active,30-045-35563,CHACO 2308 11A #408H,"ENDURING RESOURCES, LLC",36.24774921,-107.6457156,"Enduring Resources - Chaco No407, 408 Well Site",O&G-Production Facility,77.0,36.2479,-107.6457,14.2,24.6,92.9,2.2,,No,0
414,Kathleen Primm,34655,PRN20140001,5982,Notice of Intent ,Enduring Resources IV LLC,Logos Operating - Sarah B No 1H Well Site,2014-08-19 16:17:00,,,9/18/2014 0:00,9/18/2014 0:00,2014-08-28 11:54:00,,,,2014-11-22 00:00:00,Active,30-045-35564,CHACO 2308 11A #407H,"ENDURING RESOURCES, LLC",36.24789218,-107.64566965,"Enduring Resources - Chaco No407, 408 Well Site",O&G-Production Facility,77.0,36.2479,-107.6457,14.2,24.6,92.9,2.2,,No,0
421,Rhonda Romero,34657,PRN20140001,5983,Notice of Intent ,Enduring Resources IV LLC,Logos Operating LLC- Katie No 001H Well Site,2014-08-19 16:33:00,,,9/18/2014 0:00,9/18/2014 0:00,2014-08-25 13:45:00,,,,2014-08-21 00:00:00,Active,30-045-35554,CHACO 2308 06H #396H,"ENDURING RESOURCES, LLC",36.258831,-107.7149277,"Enduring Resources-Chaco 395,396 Well Site",O&G-Production Facility,38.0,36.258969,-107.714988,13.5,24.3,88.3,,,Yes,1
422,Rhonda Romero,34657,PRN20140001,5983,Notice of Intent ,Enduring Resources IV LLC,Logos Operating LLC- Katie No 001H Well Site,2014-08-19 16:33:00,,,9/18/2014 0:00,9/18/2014 0:00,2014-08-25 13:45:00,,,,2014-08-20 00:00:00,Active,30-045-35553,CHACO 2308 06H #395H,"ENDURING RESOURCES, LLC",36.2589684,-107.7149811,"Enduring Resources-Chaco 395,396 Well Site",O&G-Production Facility,38.0,36.258969,-107.714988,13.5,24.3,88.3,,,Yes,1
429,Rhonda Romero,34658,PRN20140001,5984,Notice of Intent ,Enduring Resources IV LLC,Logos Operating LLC- Heros No 002H Well Site,2014-08-19 16:45:00,,,9/18/2014 0:00,9/18/2014 0:00,2014-08-25 13:43:00,,,,2014-07-08 00:00:00,Active,30-045-35538,CHACO 2308 03L #405H,"ENDURING RESOURCES, LLC",36.2550621,-107.67775729999998,"Enduring Resources - Chaco No404,405",O&G-Production Facility,256.0,36.255189,-107.677789,10.1,21.7,95.7,1.7,,Yes,1
430,Rhonda Romero,34658,PRN20140001,5984,Notice of Intent ,Enduring Resources IV LLC,Logos Operating LLC- Heros No 002H Well Site,2014-08-19 16:45:00,,,9/18/2014 0:00,9/18/2014 0:00,2014-08-25 13:43:00,,,,2014-06-26 00:00:00,Active,30-045-35539,CHACO 2308 03L #404H,"ENDURING RESOURCES, LLC",36.2552071,-107.6777725,"Enduring Resources - Chaco No404,405",O&G-Production Facility,60.0,36.255189,-107.677789,10.1,21.7,95.7,1.7,,Yes,1
434,Antonia Tallarico,34696,PRN20140001,5998,Notice of Intent ,DJR Operating LLC - NM,Encana- Escrito L32-2408,2014-08-22 15:47:00,,,9/21/2014 0:00,9/21/2014 0:00,2014-09-04 06:56:00,,,,2014-09-24 00:00:00,Active,30-045-35451,ESCRITO L32 2408 #001H,"DJR OPERATING, LLC",36.2688179,-107.71339420000001,DJR -  Escrito L32-2408,O&G-Production Facility,196.0,36.26882,-107.71341,2.49,4.41,10.87,0.2,,No,0
439,Mary Gerhart,34819,PRN20140001,6036,Notice of Intent ,DJR Operating LLC - NM,Encana-Escrito D32-2408,2014-09-16 13:51:00,,,10/16/2014 0:00,10/16/2014 0:00,2014-10-16 11:34:00,,,,2014-12-04 00:00:00,Active,30-045-35520,ESCRITO D32 2408 #002H,"DJR OPERATING, LLC",36.274419,-107.71316399999999,DJR - Escrito D32-2408,O&G-Production Facility,199.0,36.274508,-107.713178,9.9,19.3,42.8,,,No,0
440,Mary Gerhart,34819,PRN20140001,6036,Notice of Intent ,DJR Operating LLC - NM,Encana-Escrito D32-2408,2014-09-16 13:51:00,,,10/16/2014 0:00,10/16/2014 0:00,2014-10-16 11:34:00,,,,2014-11-21 00:00:00,Active,30-045-35519,ESCRITO D32 2408 #001H,"DJR OPERATING, LLC",36.274505600000005,-107.7131653,DJR - Escrito D32-2408,O&G-Production Facility,199.0,36.274508,-107.713178,9.9,19.3,42.8,,,No,0
447,Mary Gerhart,34820,PRN20140001,6033,Notice of Intent ,DJR Operating LLC - NM,Encana-Lybrook M35-2308,2014-09-16 14:09:00,,,10/16/2014 0:00,10/16/2014 0:00,2014-10-16 11:22:00,,,,2014-10-06 00:00:00,Active,30-045-35527,LYBROOK M35 2308 #002H,"DJR OPERATING, LLC",36.1770821,-107.6554565,DJR - Lybrook M35-2308,O&G-Production Facility,69.0,36.17702,-107.65557,8.6,16.8,44.0,,,Yes,1
448,Mary Gerhart,34820,PRN20140001,6033,Notice of Intent ,DJR Operating LLC - NM,Encana-Lybrook M35-2308,2014-09-16 14:09:00,,,10/16/2014 0:00,10/16/2014 0:00,2014-10-16 11:22:00,,,,2014-09-25 00:00:00,Active,30-045-35526,LYBROOK M35 2308 #001H,"DJR OPERATING, LLC",36.177005799999996,-107.6555634,DJR - Lybrook M35-2308,O&G-Production Facility,69.0,36.17702,-107.65557,8.6,16.8,44.0,,,Yes,1
454,Antonia Tallarico,34892,PRN20140001,6047,Notice of Intent ,Enduring Resources IV LLC,WPX Energy- Chaco 2308-061 No398H,2014-09-29 15:44:00,,,10/29/2014 0:00,10/29/2014 0:00,2014-10-14 08:44:00,,,,2015-03-21 00:00:00,Active,30-045-35639,CHACO 2308 06I #397H,"ENDURING RESOURCES, LLC",36.254643,-107.714914,Enduring Resources - Chaco 2308-061 No398H,O&G-Production Facility,37.0,36.254586,-107.714889,17.1,24.3,75.2,,,No,0
456,Teri Waldron,35260,PRN20140001,6156,Notice of Intent ,WPX Energy Permian LLC,WPX - Warner Caldwell No 1A,2014-12-22 12:28:00,,,1/21/2015 0:00,1/21/2015 0:00,2014-12-30 12:07:00,,,5/7/2015 10:44,2015-03-10 00:00:00,Active,30-045-35643,MC 4 COM #285H,"ENDURING RESOURCES, LLC",36.248129999999996,-107.69689199999999,WPX - Warner Caldwell No 1A,O&G-Tank Battery/Bulk Fuel Storage,54.0,36.248072,-107.696878,,,,,,No,0
458,Teri Waldron,35261,PRN20140002,6155,Notice of Intent ,Enduring Resources IV LLC,WPX - Logo No 6,2014-12-22 10:54:00,,,1/21/2015 0:00,1/21/2015 0:00,2015-01-02 16:01:00,,,,2013-02-06 00:00:00,Active,30-045-35422,LOGOS #006,"ENDURING RESOURCES, LLC",36.2444305,-107.70240020000001,Enduring Resources - Logo No6,O&G-Tank Battery/Bulk Fuel Storage,208.0,36.244439,-107.70245,20.4,24.7,7.4,,,Yes,1
459,Arianna Espinoza,35268,PRN20180001,6157,Administrative Revision ,Enduring Resources IV LLC,Enduring - Warner Caldwell No 3B,2018-04-28 08:20:00,,,5/28/2018 0:00,5/28/2018 0:00,2019-11-12 08:20:00,,,,2014-03-10 00:00:00,Active,30-045-35506,WARNER CALDWELL #003B,"ENDURING RESOURCES, LLC",36.2479401,-107.7023926,Enduring - Warner Caldwell No 3B,O&G-Tank Battery/Bulk Fuel Storage,43.0,36.247928,-107.7024,20.5,24.4,8.1,,,Yes,1
460,Teri Waldron,35268,PRN20140001,6157,Notice of Intent ,Enduring Resources IV LLC,WPX - Warner Caldwell No 3B,2014-12-22 11:24:00,,,1/21/2015 0:00,1/21/2015 0:00,2014-12-31 14:23:00,,,,2014-03-10 00:00:00,Active,30-045-35506,WARNER CALDWELL #003B,"ENDURING RESOURCES, LLC",36.2479401,-107.7023926,Enduring - Warner Caldwell No 3B,O&G-Tank Battery/Bulk Fuel Storage,43.0,36.247928,-107.7024,20.5,24.4,8.1,,,Yes,1
462,Mary Gerhart,35601,PRN20150001,6323,Notice of Intent ,Hilcorp Energy Company,ConocoPhillips - Newberry 8A & 8B,2015-03-31 14:57:00,,,4/30/2015 0:00,4/30/2015 0:00,2015-04-24 13:11:00,,,,2011-02-24 00:00:00,Active,30-045-35048,NEWBERRY #008B,HILCORP ENERGY COMPANY,36.908885999999995,-108.097908,Hilcorp - Newberry 8A and 8B,O&G-Production Facility,278.0,36.908889,-108.097778,18.3,18.6,10.3,,,Yes,1
466,Maxine Paul,35662,PRN20150001,6362,Regular-New ,Harvest Four Corners LLC,Williams Four Corners - Buena Vista Compressor Station,2015-04-20 11:57:00,,5/18/2015 12:42,8/16/2015 0:00,8/16/2015 0:00,2015-08-13 14:31:00,,,,2019-05-14 00:00:00,Active,30-045-35912,KTB 2408 32A COM #002H,"LOGOS OPERATING, LLC",36.274774,-107.69741699999999,Harvest - Buena Vista Compressor Station,O&G-Compressor Station,46.0,36.275411,-107.698439,58.5,103.4,237.0,,,No,0
467,Maxine Paul,35662,PRN20150001,6362,Regular-New ,Harvest Four Corners LLC,Williams Four Corners - Buena Vista Compressor Station,2015-04-20 11:57:00,,5/18/2015 12:42,8/16/2015 0:00,8/16/2015 0:00,2015-08-13 14:31:00,,,,2019-05-15 00:00:00,Active,30-045-35913,KTB 2408 32A COM #003H,"LOGOS OPERATING, LLC",36.274701,-107.697464,Harvest - Buena Vista Compressor Station,O&G-Compressor Station,46.0,36.275411,-107.698439,58.5,103.4,237.0,,,No,0
468,Maxine Paul,35662,PRN20150001,6362,Regular-New ,Harvest Four Corners LLC,Williams Four Corners - Buena Vista Compressor Station,2015-04-20 11:57:00,,5/18/2015 12:42,8/16/2015 0:00,8/16/2015 0:00,2015-08-13 14:31:00,,,,2019-05-13 00:00:00,Active,30-045-35911,KTB 2408 32A COM #001H,"LOGOS OPERATING, LLC",36.274846999999994,-107.69736999999999,Harvest - Buena Vista Compressor Station,O&G-Compressor Station,46.0,36.275411,-107.698439,58.5,103.4,237.0,,,No,0
475,Adam Ullom,35678,PRN20150001,6373,Notice of Intent ,"Logos Operating, LLC",Energen - Chaco 23-8-15 No 1H & No 2H,2015-04-22 10:23:00,,,5/22/2015 0:00,5/22/2015 0:00,2015-05-06 14:56:00,,,,2018-02-10 00:00:00,Active,30-045-35632,ATHENA 2308 14L #001H,"LOGOS OPERATING, LLC",36.225657,-107.658266,LOGOS Operating LLC - Chaco 23-8-15 No 1H & No 2H,O&G-Production Facility,67.0,36.225917,-107.658278,5.26,10.09,55.16,,,No,0
476,Adam Ullom,35678,PRN20150001,6373,Notice of Intent ,"Logos Operating, LLC",Energen - Chaco 23-8-15 No 1H & No 2H,2015-04-22 10:23:00,,,5/22/2015 0:00,5/22/2015 0:00,2015-05-06 14:56:00,,,,2018-02-10 00:00:00,Active,30-045-35633,ATHENA 2308 14L #002H,"LOGOS OPERATING, LLC",36.225604,-107.65828300000001,LOGOS Operating LLC - Chaco 23-8-15 No 1H & No 2H,O&G-Production Facility,67.0,36.225917,-107.658278,5.26,10.09,55.16,,,No,0
477,Adam Ullom,35678,PRN20150001,6373,Notice of Intent ,"Logos Operating, LLC",Energen - Chaco 23-8-15 No 1H & No 2H,2015-04-22 10:23:00,,,5/22/2015 0:00,5/22/2015 0:00,2015-05-06 14:56:00,,,,2018-06-07 00:00:00,Active,30-045-35876,ATHENA 2308 14L #003H,"LOGOS OPERATING, LLC",36.225737,-107.65824099999999,LOGOS Operating LLC - Chaco 23-8-15 No 1H & No 2H,O&G-Production Facility,67.0,36.225917,-107.658278,5.26,10.09,55.16,,,No,0
480,Mary Gerhart,36028,PRN20150001,6524,Notice of Intent ,Energen Resources,Energen Resources - Crow Mesa 24-08-02 no. 4H,2015-07-24 12:17:00,,,8/23/2015 0:00,8/23/2015 0:00,2015-08-21 12:26:00,,,8/28/2015 11:10,2015-08-10 00:00:00,Active,30-045-35641,CROW MESA 24 08 2 #004H,"LOGOS OPERATING, LLC",36.339208,-107.64505600000001,Energen Resources - Crow Mesa 24-08-02 no. 4H,O&G-Production Facility,76.0,36.339194,-107.645056,,,,,,Yes,1
481,Mary Gerhart,36028,PRN20150001,6524,Notice of Intent ,Energen Resources,Energen Resources - Crow Mesa 24-08-02 no. 4H,2015-07-24 12:17:00,,,8/23/2015 0:00,8/23/2015 0:00,2015-08-21 12:26:00,,,8/28/2015 11:10,2015-08-13 00:00:00,Active,30-045-35642,CROW MESA 24 08 2 #003H,"LOGOS OPERATING, LLC",36.339345,-107.645048,Energen Resources - Crow Mesa 24-08-02 no. 4H,O&G-Production Facility,76.0,36.339194,-107.645056,,,,,,Yes,1
484,Adam Ullom,36071,PRN20150001,6540,Notice of Intent ,Enduring Resources IV LLC,WPX - W Lybrook UT 735/736/737/764/765/766,2015-08-03 12:54:00,,,9/2/2015 0:00,9/2/2015 0:00,2015-08-19 14:33:00,,,,2017-04-04 00:00:00,Active,30-045-35797,W LYBROOK UNIT #767H,"ENDURING RESOURCES, LLC",36.189213,-107.772646,Enduring Resources - W Lybrook UT 765V,O&G-Production Facility,9.0,36.189192,-107.772444,14.0,24.1,79.7,3.1,,No,0
485,Adam Ullom,36071,PRN20150001,6540,Notice of Intent ,Enduring Resources IV LLC,WPX - W Lybrook UT 735/736/737/764/765/766,2015-08-03 12:54:00,,,9/2/2015 0:00,9/2/2015 0:00,2015-08-19 14:33:00,,,,2017-04-05 00:00:00,Active,30-045-35801,W LYBROOK UNIT #735H,"ENDURING RESOURCES, LLC",36.189178999999996,-107.77231,Enduring Resources - W Lybrook UT 765V,O&G-Production Facility,9.0,36.189192,-107.772444,14.0,24.1,79.7,3.1,,No,0
494,Greg Tickle,36084,PRN20150001,6547,Notice of Intent ,Dugan Production Corp,Dugan - Calgary Battery,2015-08-04 11:23:00,,,9/3/2015 0:00,9/3/2015 0:00,2015-09-03 09:18:00,,,,2012-08-03 00:00:00,Active,30-045-35319,GOOD TIMES A06 2310 #001H,DUGAN PRODUCTION CORP,36.2601738,-107.9289246,Dugan - Calgary Battery,O&G-Tank Battery/Bulk Fuel Storage,22.0,36.260958,-107.930497,1.7,2.8,49.7,,,Yes,1
497,Kirby Olson,36108,PRN20150001,6558,Notice of Intent ,"Logos Resources II, LLC",Energen Resources - Chaco 23-08-3 No 1H/2H,2015-08-10 09:03:00,,,9/9/2015 0:00,9/9/2015 0:00,2015-08-21 12:51:00,,,,2015-11-08 00:00:00,Active,30-045-35647,CHACO 23 08 03 #001H,"LOGOS OPERATING, LLC",36.258023,-107.660784,LOGOS Operating - Chaco Well Pad,O&G-Production Facility,66.0,36.258083,-107.660778,10.6,23.29,19.53,,,No,0
498,Kirby Olson,36108,PRN20150001,6558,Notice of Intent ,"Logos Resources II, LLC",Energen Resources - Chaco 23-08-3 No 1H/2H,2015-08-10 09:03:00,,,9/9/2015 0:00,9/9/2015 0:00,2015-08-21 12:51:00,,,,2015-11-02 00:00:00,Active,30-045-35646,CHACO 23 08 03 #002H,"LOGOS OPERATING, LLC",36.2579,-107.660785,LOGOS Operating - Chaco Well Pad,O&G-Production Facility,66.0,36.258083,-107.660778,10.6,23.29,19.53,,,No,0
507,Kirby Olson,36109,PRN20150001,6559,Notice of Intent ,"Logos Operating, LLC",Energen Resources - Crow Mesa 24-08-02 No 3H/4H,2015-08-10 09:09:00,,,9/9/2015 0:00,9/9/2015 0:00,2015-08-21 12:59:00,,,,2015-08-10 00:00:00,Active,30-045-35641,CROW MESA 24 08 2 #004H,"LOGOS OPERATING, LLC",36.339208,-107.64505600000001,LOGOS Operating - Crow Mesa 24-08-02 No3H 4H,O&G-Production Facility,76.0,36.339194,-107.645056,2.26,4.03,7.44,,,Yes,1
508,Kirby Olson,36109,PRN20150001,6559,Notice of Intent ,"Logos Operating, LLC",Energen Resources - Crow Mesa 24-08-02 No 3H/4H,2015-08-10 09:09:00,,,9/9/2015 0:00,9/9/2015 0:00,2015-08-21 12:59:00,,,,2015-08-13 00:00:00,Active,30-045-35642,CROW MESA 24 08 2 #003H,"LOGOS OPERATING, LLC",36.339345,-107.645048,LOGOS Operating - Crow Mesa 24-08-02 No3H 4H,O&G-Production Facility,76.0,36.339194,-107.645056,2.26,4.03,7.44,,,Yes,1
515,Rhonda Romero,36213,PRN20150001,6605,Notice of Intent ,Enduring Resources IV LLC,WPX - W Lybrook UT 701/702,2015-09-14 09:32:00,,,10/14/2015 0:00,10/14/2015 0:00,2015-09-28 13:08:00,,,,2017-02-09 00:00:00,Active,30-045-35726,W LYBROOK UNIT #702H,"ENDURING RESOURCES, LLC",36.235459000000006,-107.693273,"Enduring Resources - W Lybrook UT 701,702",O&G-Production Facility,51.0,36.235517,-107.693158,21.0,24.5,25.5,2.9,,No,0
516,Rhonda Romero,36213,PRN20150001,6605,Notice of Intent ,Enduring Resources IV LLC,WPX - W Lybrook UT 701/702,2015-09-14 09:32:00,,,10/14/2015 0:00,10/14/2015 0:00,2015-09-28 13:08:00,,,,2017-02-07 00:00:00,Active,30-045-35725,W LYBROOK UNIT #701H,"ENDURING RESOURCES, LLC",36.235517,-107.69315700000001,"Enduring Resources - W Lybrook UT 701,702",O&G-Production Facility,51.0,36.235517,-107.693158,21.0,24.5,25.5,2.9,,No,0
522,Mary Gerhart,36366,PRN20150001,6651,Notice of Intent ,Hilcorp Energy Company,ConocoPhillips-Horton 1A-1B-2 Wellsite,2015-10-19 16:01:00,,,11/18/2015 0:00,11/18/2015 0:00,2015-11-18 10:55:00,,,,2011-11-09 00:00:00,Active,30-045-35252,HORTON #001B,HILCORP ENERGY COMPANY,36.938213299999994,-107.95335390000001,"Hilcorp - Horton 1A,1B2 Wellsite",O&G-Production Facility,64.0,36.938222,-107.95336100000002,11.3,19.1,8.0,,,Yes,1
529,Greg Tickle,36461,PRN20150001,6681,Notice of Intent ,Enduring Resources IV LLC,"WPX - W. Lybrook UT Nos. 703H, 704H, and 744H",2015-11-23 10:18:00,,,1/23/2016 0:00,1/23/2016 0:00,2015-12-22 10:08:00,,,,2016-12-15 00:00:00,Active,30-045-35809,W LYBROOK UNIT #711H,"ENDURING RESOURCES, LLC",36.237645,-107.709055,"Enduring Resources - W. Lybrook UT Nos. 703, 704, 743, 744",O&G-Production Facility,39.0,36.237636,-107.709122,16.7,24.6,87.6,,,No,0
530,Greg Tickle,36461,PRN20150001,6681,Notice of Intent ,Enduring Resources IV LLC,"WPX - W. Lybrook UT Nos. 703H, 704H, and 744H",2015-11-23 10:18:00,,,1/23/2016 0:00,1/23/2016 0:00,2015-12-22 10:08:00,,,,2016-12-14 00:00:00,Active,30-045-35808,W LYBROOK UNIT #713H,"ENDURING RESOURCES, LLC",36.237674,-107.708855,"Enduring Resources - W. Lybrook UT Nos. 703, 704, 743, 744",O&G-Production Facility,39.0,36.237636,-107.709122,16.7,24.6,87.6,,,No,0
531,Greg Tickle,36461,PRN20150001,6681,Notice of Intent ,Enduring Resources IV LLC,"WPX - W. Lybrook UT Nos. 703H, 704H, and 744H",2015-11-23 10:18:00,,,1/23/2016 0:00,1/23/2016 0:00,2015-12-22 10:08:00,,,,2016-12-09 00:00:00,Active,30-045-35728,W LYBROOK UNIT #704H,"ENDURING RESOURCES, LLC",36.237625,-107.709189,"Enduring Resources - W. Lybrook UT Nos. 703, 704, 743, 744",O&G-Production Facility,39.0,36.237636,-107.709122,16.7,24.6,87.6,,,No,0
532,Greg Tickle,36461,PRN20150001,6681,Notice of Intent ,Enduring Resources IV LLC,"WPX - W. Lybrook UT Nos. 703H, 704H, and 744H",2015-11-23 10:18:00,,,1/23/2016 0:00,1/23/2016 0:00,2015-12-22 10:08:00,,,,2016-12-06 00:00:00,Active,30-045-35727,W LYBROOK UNIT #703H,"ENDURING RESOURCES, LLC",36.237664,-107.708922,"Enduring Resources - W. Lybrook UT Nos. 703, 704, 743, 744",O&G-Production Facility,39.0,36.237636,-107.709122,16.7,24.6,87.6,,,No,0
533,Greg Tickle,36461,PRN20150001,6681,Notice of Intent ,Enduring Resources IV LLC,"WPX - W. Lybrook UT Nos. 703H, 704H, and 744H",2015-11-23 10:18:00,,,1/23/2016 0:00,1/23/2016 0:00,2015-12-22 10:08:00,,,,2016-12-08 00:00:00,Active,30-045-35730,W LYBROOK UNIT #744H,"ENDURING RESOURCES, LLC",36.237635,-107.70851,"Enduring Resources - W. Lybrook UT Nos. 703, 704, 743, 744",O&G-Production Facility,39.0,36.237636,-107.709122,16.7,24.6,87.6,,,No,0
534,Greg Tickle,36461,PRN20150001,6681,Notice of Intent ,Enduring Resources IV LLC,"WPX - W. Lybrook UT Nos. 703H, 704H, and 744H",2015-11-23 10:18:00,,,1/23/2016 0:00,1/23/2016 0:00,2015-12-22 10:08:00,,,,2016-12-07 00:00:00,Active,30-045-35729,W LYBROOK UNIT #743H,"ENDURING RESOURCES, LLC",36.237654,-107.70898799999999,"Enduring Resources - W. Lybrook UT Nos. 703, 704, 743, 744",O&G-Production Facility,39.0,36.237636,-107.709122,16.7,24.6,87.6,,,No,0
544,Greg Tickle,36537,PRN20150001,6720,Notice of Intent ,Enduring Resources IV LLC,W.Lybrook UT 705/706/745/746,2015-12-15 15:35:00,1/14/2016 13:22,,1/14/2016 0:00,1/14/2016 0:00,2016-01-14 14:27:00,,,,2017-03-16 00:00:00,Active,30-045-35748,W LYBROOK UNIT #705H,"ENDURING RESOURCES, LLC",36.237918,-107.721127,"Enduring Resources - W.Lybrook UT 705,706,745,746",O&G-Production Facility,17.0,36.23777800000001,-107.721,23.2,24.8,83.2,3.6,,No,0
545,Greg Tickle,36537,PRN20150001,6720,Notice of Intent ,Enduring Resources IV LLC,W.Lybrook UT 705/706/745/746,2015-12-15 15:35:00,1/14/2016 13:22,,1/14/2016 0:00,1/14/2016 0:00,2016-01-14 14:27:00,,,,2017-03-15 00:00:00,Active,30-045-35750,W LYBROOK UNIT #745H,"ENDURING RESOURCES, LLC",36.237888,-107.72118400000001,"Enduring Resources - W.Lybrook UT 705,706,745,746",O&G-Production Facility,17.0,36.23777800000001,-107.721,23.2,24.8,83.2,3.6,,No,0
546,Greg Tickle,36537,PRN20150001,6720,Notice of Intent ,Enduring Resources IV LLC,W.Lybrook UT 705/706/745/746,2015-12-15 15:35:00,1/14/2016 13:22,,1/14/2016 0:00,1/14/2016 0:00,2016-01-14 14:27:00,,,,2017-03-14 00:00:00,Active,30-045-35751,W LYBROOK UNIT #746H,"ENDURING RESOURCES, LLC",36.237828,-107.72129699999999,"Enduring Resources - W.Lybrook UT 705,706,745,746",O&G-Production Facility,17.0,36.23777800000001,-107.721,23.2,24.8,83.2,3.6,,No,0
559,Richard Poley,36617,PRN20160001,6739,Notice of Intent ,Enduring Resources IV LLC,WPX - W. Lybrook UT 707/708/709/747/748/749,2016-01-14 14:54:00,,,2/13/2016 0:00,2/13/2016 0:00,2016-02-09 15:06:00,,,,2016-02-17 00:00:00,Active,30-045-35739,W LYBROOK UNIT #707H,"ENDURING RESOURCES, LLC",36.236637,-107.73289199999999,Enduring Resources - W. Lybrook UT 707/708/709/747/748/749,O&G-Production Facility,15.0,36.236636,-107.732892,13.3,23.7,89.7,3.3,,No,0
560,Richard Poley,36617,PRN20160001,6739,Notice of Intent ,Enduring Resources IV LLC,WPX - W. Lybrook UT 707/708/709/747/748/749,2016-01-14 14:54:00,,,2/13/2016 0:00,2/13/2016 0:00,2016-02-09 15:06:00,,,,2016-02-18 00:00:00,Active,30-045-35741,W LYBROOK UNIT #709H,"ENDURING RESOURCES, LLC",36.23653688,-107.7338139,Enduring Resources - W. Lybrook UT 707/708/709/747/748/749,O&G-Production Facility,15.0,36.236636,-107.732892,13.3,23.7,89.7,3.3,,No,0
561,Richard Poley,36617,PRN20160001,6739,Notice of Intent ,Enduring Resources IV LLC,WPX - W. Lybrook UT 707/708/709/747/748/749,2016-01-14 14:54:00,,,2/13/2016 0:00,2/13/2016 0:00,2016-02-09 15:06:00,,,,2016-02-17 00:00:00,Active,30-045-35743,W LYBROOK UNIT #748H,"ENDURING RESOURCES, LLC",36.236546999999995,-107.733139,Enduring Resources - W. Lybrook UT 707/708/709/747/748/749,O&G-Production Facility,15.0,36.236636,-107.732892,13.3,23.7,89.7,3.3,,No,0
562,Richard Poley,36617,PRN20160001,6739,Notice of Intent ,Enduring Resources IV LLC,WPX - W. Lybrook UT 707/708/709/747/748/749,2016-01-14 14:54:00,,,2/13/2016 0:00,2/13/2016 0:00,2016-02-09 15:06:00,,,,2016-02-19 00:00:00,Active,30-045-35744,W LYBROOK UNIT #749H,"ENDURING RESOURCES, LLC",36.236501000000004,-107.733263,Enduring Resources - W. Lybrook UT 707/708/709/747/748/749,O&G-Production Facility,15.0,36.236636,-107.732892,13.3,23.7,89.7,3.3,,No,0
563,Richard Poley,36617,PRN20160001,6739,Notice of Intent ,Enduring Resources IV LLC,WPX - W. Lybrook UT 707/708/709/747/748/749,2016-01-14 14:54:00,,,2/13/2016 0:00,2/13/2016 0:00,2016-02-09 15:06:00,,,,2016-02-18 00:00:00,Active,30-045-35742,W LYBROOK UNIT #747H,"ENDURING RESOURCES, LLC",36.236614,-107.732954,Enduring Resources - W. Lybrook UT 707/708/709/747/748/749,O&G-Production Facility,15.0,36.236636,-107.732892,13.3,23.7,89.7,3.3,,No,0
564,Richard Poley,36617,PRN20160001,6739,Notice of Intent ,Enduring Resources IV LLC,WPX - W. Lybrook UT 707/708/709/747/748/749,2016-01-14 14:54:00,,,2/13/2016 0:00,2/13/2016 0:00,2016-02-09 15:06:00,,,,2016-02-19 00:00:00,Active,30-045-35740,W LYBROOK UNIT #708H,"ENDURING RESOURCES, LLC",36.236592,-107.73301599999999,Enduring Resources - W. Lybrook UT 707/708/709/747/748/749,O&G-Production Facility,15.0,36.236636,-107.732892,13.3,23.7,89.7,3.3,,No,0
583,Richard Poley,36658,PRN20160001,6779,Notice of Intent ,Enduring Resources IV LLC,"WPX - W. Lybrook UT Nos. 710,712,714,750,751,752",2016-01-25 08:28:00,,,2/24/2016 0:00,2/24/2016 0:00,2016-02-24 11:51:00,,,,2017-03-01 00:00:00,Active,30-045-35806,W LYBROOK UNIT #751H,"ENDURING RESOURCES, LLC",36.228770000000004,-107.740885,"Enduring Resources - W. Lybrook UT No710,712,714,750,751,752",O&G-Tank Battery/Bulk Fuel Storage,14.0,36.228617,-107.740811,21.0,24.5,27.2,2.9,,No,0
584,Richard Poley,36658,PRN20160001,6779,Notice of Intent ,Enduring Resources IV LLC,"WPX - W. Lybrook UT Nos. 710,712,714,750,751,752",2016-01-25 08:28:00,,,2/24/2016 0:00,2/24/2016 0:00,2016-02-24 11:51:00,,,,2017-02-27 00:00:00,Active,30-045-35803,W LYBROOK UNIT #710H,"ENDURING RESOURCES, LLC",36.228821,-107.740909,"Enduring Resources - W. Lybrook UT No710,712,714,750,751,752",O&G-Tank Battery/Bulk Fuel Storage,14.0,36.228617,-107.740811,21.0,24.5,27.2,2.9,,No,0
585,Richard Poley,36658,PRN20160001,6779,Notice of Intent ,Enduring Resources IV LLC,"WPX - W. Lybrook UT Nos. 710,712,714,750,751,752",2016-01-25 08:28:00,,,2/24/2016 0:00,2/24/2016 0:00,2016-02-24 11:51:00,,,,2017-02-24 00:00:00,Active,30-045-35776,W LYBROOK UNIT #712H,"ENDURING RESOURCES, LLC",36.228719,-107.74086100000001,"Enduring Resources - W. Lybrook UT No710,712,714,750,751,752",O&G-Tank Battery/Bulk Fuel Storage,14.0,36.228617,-107.740811,21.0,24.5,27.2,2.9,,No,0
586,Richard Poley,36658,PRN20160001,6779,Notice of Intent ,Enduring Resources IV LLC,"WPX - W. Lybrook UT Nos. 710,712,714,750,751,752",2016-01-25 08:28:00,,,2/24/2016 0:00,2/24/2016 0:00,2016-02-24 11:51:00,,,,2017-03-01 00:00:00,Active,30-045-35804,W LYBROOK UNIT #750H,"ENDURING RESOURCES, LLC",36.228873,-107.74093400000001,"Enduring Resources - W. Lybrook UT No710,712,714,750,751,752",O&G-Tank Battery/Bulk Fuel Storage,14.0,36.228617,-107.740811,21.0,24.5,27.2,2.9,,No,0
587,Richard Poley,36658,PRN20160001,6779,Notice of Intent ,Enduring Resources IV LLC,"WPX - W. Lybrook UT Nos. 710,712,714,750,751,752",2016-01-25 08:28:00,,,2/24/2016 0:00,2/24/2016 0:00,2016-02-24 11:51:00,,,,2017-02-22 00:00:00,Active,30-045-35802,W LYBROOK UNIT #714H,"ENDURING RESOURCES, LLC",36.228615999999995,-107.740812,"Enduring Resources - W. Lybrook UT No710,712,714,750,751,752",O&G-Tank Battery/Bulk Fuel Storage,14.0,36.228617,-107.740811,21.0,24.5,27.2,2.9,,No,0
588,Richard Poley,36658,PRN20160001,6779,Notice of Intent ,Enduring Resources IV LLC,"WPX - W. Lybrook UT Nos. 710,712,714,750,751,752",2016-01-25 08:28:00,,,2/24/2016 0:00,2/24/2016 0:00,2016-02-24 11:51:00,,,,2017-02-23 00:00:00,Active,30-045-35805,W LYBROOK UNIT #752H,"ENDURING RESOURCES, LLC",36.228667,-107.74083600000002,"Enduring Resources - W. Lybrook UT No710,712,714,750,751,752",O&G-Tank Battery/Bulk Fuel Storage,14.0,36.228617,-107.740811,21.0,24.5,27.2,2.9,,No,0
603,Antonia Tallarico,36842,PRN20160001,6845,Notice of Intent ,Enduring Resources IV LLC,WPX Energy - Rodeo UT No 500/501,2016-03-21 11:29:00,,,4/20/2016 0:00,4/20/2016 0:00,2016-04-06 14:18:00,,,,2017-05-31 00:00:00,Active,30-045-35796,RODEO UNIT #500H,"ENDURING RESOURCES, LLC",36.220413,-107.715566,"Enduring Resources - Rodeo UT No500,501",O&G-Production Facility,190.0,36.217803,-107.711514,24.3,24.8,83.8,3.2,,No,0
604,Antonia Tallarico,36842,PRN20160001,6845,Notice of Intent ,Enduring Resources IV LLC,WPX Energy - Rodeo UT No 500/501,2016-03-21 11:29:00,,,4/20/2016 0:00,4/20/2016 0:00,2016-04-06 14:18:00,,,,2017-05-31 00:00:00,Active,30-045-35800,RODEO UNIT #501H,"ENDURING RESOURCES, LLC",36.220442,-107.715623,"Enduring Resources - Rodeo UT No500,501",O&G-Production Facility,190.0,36.217803,-107.711514,24.3,24.8,83.8,3.2,,No,0
614,Marvin Mascarenas,36843,PRN20160001,6846,Notice of Intent ,Enduring Resources IV LLC,WPX - Kimbeto Wash UT No768/769/770/771,2016-03-22 11:53:00,,,4/21/2016 0:00,4/21/2016 0:00,2016-04-20 13:31:00,,,,2018-09-06 00:00:00,Active,30-045-35879,KIMBETO WASH UNIT #767H,"ENDURING RESOURCES, LLC",36.220745,-107.80689199999999,"Enduring Resources - Kimbeto Wash UT No768,769,770,771",O&G-Production Facility,180.0,36.220703,-107.806936,10.6,18.9,94.3,2.1,,No,0
615,Marvin Mascarenas,36843,PRN20160001,6846,Notice of Intent ,Enduring Resources IV LLC,WPX - Kimbeto Wash UT No768/769/770/771,2016-03-22 11:53:00,,,4/21/2016 0:00,4/21/2016 0:00,2016-04-20 13:31:00,,,,2018-09-06 00:00:00,Active,30-045-35754,KIMBETO WASH UNIT #769H,"ENDURING RESOURCES, LLC",36.220663,-107.806982,"Enduring Resources - Kimbeto Wash UT No768,769,770,771",O&G-Production Facility,31.0,36.220703,-107.806936,10.6,18.9,94.3,2.1,,No,0
616,Marvin Mascarenas,36843,PRN20160001,6846,Notice of Intent ,Enduring Resources IV LLC,WPX - Kimbeto Wash UT No768/769/770/771,2016-03-22 11:53:00,,,4/21/2016 0:00,4/21/2016 0:00,2016-04-20 13:31:00,,,,2016-05-19 00:00:00,Active,30-045-35756,KIMBETO WASH UNIT #771H,"ENDURING RESOURCES, LLC",36.220539,-107.807116,"Enduring Resources - Kimbeto Wash UT No768,769,770,771",O&G-Production Facility,31.0,36.220703,-107.806936,10.6,18.9,94.3,2.1,,No,0
617,Marvin Mascarenas,36843,PRN20160001,6846,Notice of Intent ,Enduring Resources IV LLC,WPX - Kimbeto Wash UT No768/769/770/771,2016-03-22 11:53:00,,,4/21/2016 0:00,4/21/2016 0:00,2016-04-20 13:31:00,,,,2018-09-07 00:00:00,Active,30-045-35753,KIMBETO WASH UNIT #768H,"ENDURING RESOURCES, LLC",36.220704,-107.806937,"Enduring Resources - Kimbeto Wash UT No768,769,770,771",O&G-Production Facility,31.0,36.220703,-107.806936,10.6,18.9,94.3,2.1,,No,0
618,Marvin Mascarenas,36843,PRN20160001,6846,Notice of Intent ,Enduring Resources IV LLC,WPX - Kimbeto Wash UT No768/769/770/771,2016-03-22 11:53:00,,,4/21/2016 0:00,4/21/2016 0:00,2016-04-20 13:31:00,,,,2018-09-05 00:00:00,Active,30-045-35755,KIMBETO WASH UNIT #770H,"ENDURING RESOURCES, LLC",36.22058,-107.807071,"Enduring Resources - Kimbeto Wash UT No768,769,770,771",O&G-Production Facility,31.0,36.220703,-107.806936,10.6,18.9,94.3,2.1,,No,0
667,Kathleen Primm,37750,PRN20160001,7227,Notice of Intent ,Enduring Resources IV LLC,WPX Energy - W Lybrook Remote Facility No141,2016-12-27 13:36:00,,,1/26/2017 0:00,1/26/2017 0:00,2017-01-26 14:27:00,,,8/14/2017 14:34,2017-04-17 00:00:00,Active,30-045-35816,W LYBROOK UNIT #755H,"ENDURING RESOURCES, LLC",36.224787,-107.75153600000002,"Enduring Resources - W Lybrook UT No716,718,719,753,754,755",O&G-Production Facility,12.0,36.224847,-107.75165,39.9,90.4,140.7,6.2,,No,0
668,Kathleen Primm,37750,PRN20160001,7227,Notice of Intent ,Enduring Resources IV LLC,WPX Energy - W Lybrook Remote Facility No141,2016-12-27 13:36:00,,,1/26/2017 0:00,1/26/2017 0:00,2017-01-26 14:27:00,,,8/14/2017 14:34,2017-04-19 00:00:00,Active,30-045-35817,W LYBROOK UNIT #754H,"ENDURING RESOURCES, LLC",36.224846,-107.75165,"Enduring Resources - W Lybrook UT No716,718,719,753,754,755",O&G-Production Facility,12.0,36.224847,-107.75165,39.9,90.4,140.7,6.2,,No,0
669,Kathleen Primm,37750,PRN20160001,7227,Notice of Intent ,Enduring Resources IV LLC,WPX Energy - W Lybrook Remote Facility No141,2016-12-27 13:36:00,,,1/26/2017 0:00,1/26/2017 0:00,2017-01-26 14:27:00,,,8/14/2017 14:34,2017-04-18 00:00:00,Active,30-045-35815,W LYBROOK UNIT #753H,"ENDURING RESOURCES, LLC",36.224816,-107.751593,"Enduring Resources - W Lybrook UT No716,718,719,753,754,755",O&G-Production Facility,12.0,36.224847,-107.75165,39.9,90.4,140.7,6.2,,No,0
670,Kathleen Primm,37750,PRN20160001,7227,Notice of Intent ,Enduring Resources IV LLC,WPX Energy - W Lybrook Remote Facility No141,2016-12-27 13:36:00,,,1/26/2017 0:00,1/26/2017 0:00,2017-01-26 14:27:00,,,8/14/2017 14:34,2017-04-11 00:00:00,Active,30-045-35813,W LYBROOK UNIT #716H,"ENDURING RESOURCES, LLC",36.224697,-107.75136499999999,"Enduring Resources - W Lybrook UT No716,718,719,753,754,755",O&G-Production Facility,12.0,36.224847,-107.75165,39.9,90.4,140.7,6.2,,No,0
671,Kathleen Primm,37750,PRN20160001,7227,Notice of Intent ,Enduring Resources IV LLC,WPX Energy - W Lybrook Remote Facility No141,2016-12-27 13:36:00,,,1/26/2017 0:00,1/26/2017 0:00,2017-01-26 14:27:00,,,8/14/2017 14:34,2017-04-10 00:00:00,Active,30-045-35774,W LYBROOK UNIT #718H,"ENDURING RESOURCES, LLC",36.224668,-107.75130800000001,"Enduring Resources - W Lybrook UT No716,718,719,753,754,755",O&G-Production Facility,12.0,36.224847,-107.75165,39.9,90.4,140.7,6.2,,No,0
672,Kathleen Primm,37750,PRN20160001,7227,Notice of Intent ,Enduring Resources IV LLC,WPX Energy - W Lybrook Remote Facility No141,2016-12-27 13:36:00,,,1/26/2017 0:00,1/26/2017 0:00,2017-01-26 14:27:00,,,8/14/2017 14:34,2017-04-14 00:00:00,Active,30-045-35812,W LYBROOK UNIT #719H,"ENDURING RESOURCES, LLC",36.224727,-107.75142199999999,"Enduring Resources - W Lybrook UT No716,718,719,753,754,755",O&G-Production Facility,12.0,36.224847,-107.75165,39.9,90.4,140.7,6.2,,No,0
673,Denise Huff,37750,PRN20170001,7227,Notice of Intent ,Enduring Resources IV LLC,WPX Energy - W Lybrook Remote Facility No141,2017-02-24 12:36:00,,,3/26/2017 0:00,3/26/2017 0:00,2017-03-24 16:55:00,,,8/14/2017 14:33,2017-04-17 00:00:00,Active,30-045-35816,W LYBROOK UNIT #755H,"ENDURING RESOURCES, LLC",36.224787,-107.75153600000002,"Enduring Resources - W Lybrook UT No716,718,719,753,754,755",O&G-Production Facility,12.0,36.224847,-107.75165,39.9,90.4,140.7,6.2,,No,0
674,Denise Huff,37750,PRN20170001,7227,Notice of Intent ,Enduring Resources IV LLC,WPX Energy - W Lybrook Remote Facility No141,2017-02-24 12:36:00,,,3/26/2017 0:00,3/26/2017 0:00,2017-03-24 16:55:00,,,8/14/2017 14:33,2017-04-19 00:00:00,Active,30-045-35817,W LYBROOK UNIT #754H,"ENDURING RESOURCES, LLC",36.224846,-107.75165,"Enduring Resources - W Lybrook UT No716,718,719,753,754,755",O&G-Production Facility,12.0,36.224847,-107.75165,39.9,90.4,140.7,6.2,,No,0
675,Denise Huff,37750,PRN20170001,7227,Notice of Intent ,Enduring Resources IV LLC,WPX Energy - W Lybrook Remote Facility No141,2017-02-24 12:36:00,,,3/26/2017 0:00,3/26/2017 0:00,2017-03-24 16:55:00,,,8/14/2017 14:33,2017-04-18 00:00:00,Active,30-045-35815,W LYBROOK UNIT #753H,"ENDURING RESOURCES, LLC",36.224816,-107.751593,"Enduring Resources - W Lybrook UT No716,718,719,753,754,755",O&G-Production Facility,12.0,36.224847,-107.75165,39.9,90.4,140.7,6.2,,No,0
676,Denise Huff,37750,PRN20170001,7227,Notice of Intent ,Enduring Resources IV LLC,WPX Energy - W Lybrook Remote Facility No141,2017-02-24 12:36:00,,,3/26/2017 0:00,3/26/2017 0:00,2017-03-24 16:55:00,,,8/14/2017 14:33,2017-04-11 00:00:00,Active,30-045-35813,W LYBROOK UNIT #716H,"ENDURING RESOURCES, LLC",36.224697,-107.75136499999999,"Enduring Resources - W Lybrook UT No716,718,719,753,754,755",O&G-Production Facility,12.0,36.224847,-107.75165,39.9,90.4,140.7,6.2,,No,0
677,Denise Huff,37750,PRN20170001,7227,Notice of Intent ,Enduring Resources IV LLC,WPX Energy - W Lybrook Remote Facility No141,2017-02-24 12:36:00,,,3/26/2017 0:00,3/26/2017 0:00,2017-03-24 16:55:00,,,8/14/2017 14:33,2017-04-10 00:00:00,Active,30-045-35774,W LYBROOK UNIT #718H,"ENDURING RESOURCES, LLC",36.224668,-107.75130800000001,"Enduring Resources - W Lybrook UT No716,718,719,753,754,755",O&G-Production Facility,12.0,36.224847,-107.75165,39.9,90.4,140.7,6.2,,No,0
678,Denise Huff,37750,PRN20170001,7227,Notice of Intent ,Enduring Resources IV LLC,WPX Energy - W Lybrook Remote Facility No141,2017-02-24 12:36:00,,,3/26/2017 0:00,3/26/2017 0:00,2017-03-24 16:55:00,,,8/14/2017 14:33,2017-04-14 00:00:00,Active,30-045-35812,W LYBROOK UNIT #719H,"ENDURING RESOURCES, LLC",36.224727,-107.75142199999999,"Enduring Resources - W Lybrook UT No716,718,719,753,754,755",O&G-Production Facility,12.0,36.224847,-107.75165,39.9,90.4,140.7,6.2,,No,0
679,Antonia Tallarico,37750,PRN20170002,7227M1,Regular-New ,Enduring Resources IV LLC,WPX Energy - W Lybrook UT NO716/718/719/753/754/755,2017-04-17 13:23:00,,5/16/2017 12:52,8/14/2017 0:00,8/14/2017 0:00,2017-08-14 09:18:00,,,,2017-04-17 00:00:00,Active,30-045-35816,W LYBROOK UNIT #755H,"ENDURING RESOURCES, LLC",36.224787,-107.75153600000002,"Enduring Resources - W Lybrook UT No716,718,719,753,754,755",O&G-Production Facility,12.0,36.224847,-107.75165,39.9,90.4,140.7,6.2,,Yes,1
680,Antonia Tallarico,37750,PRN20170002,7227M1,Regular-New ,Enduring Resources IV LLC,WPX Energy - W Lybrook UT NO716/718/719/753/754/755,2017-04-17 13:23:00,,5/16/2017 12:52,8/14/2017 0:00,8/14/2017 0:00,2017-08-14 09:18:00,,,,2017-04-19 00:00:00,Active,30-045-35817,W LYBROOK UNIT #754H,"ENDURING RESOURCES, LLC",36.224846,-107.75165,"Enduring Resources - W Lybrook UT No716,718,719,753,754,755",O&G-Production Facility,12.0,36.224847,-107.75165,39.9,90.4,140.7,6.2,,Yes,1
681,Antonia Tallarico,37750,PRN20170002,7227M1,Regular-New ,Enduring Resources IV LLC,WPX Energy - W Lybrook UT NO716/718/719/753/754/755,2017-04-17 13:23:00,,5/16/2017 12:52,8/14/2017 0:00,8/14/2017 0:00,2017-08-14 09:18:00,,,,2017-04-18 00:00:00,Active,30-045-35815,W LYBROOK UNIT #753H,"ENDURING RESOURCES, LLC",36.224816,-107.751593,"Enduring Resources - W Lybrook UT No716,718,719,753,754,755",O&G-Production Facility,12.0,36.224847,-107.75165,39.9,90.4,140.7,6.2,,Yes,1
682,Antonia Tallarico,37750,PRN20170002,7227M1,Regular-New ,Enduring Resources IV LLC,WPX Energy - W Lybrook UT NO716/718/719/753/754/755,2017-04-17 13:23:00,,5/16/2017 12:52,8/14/2017 0:00,8/14/2017 0:00,2017-08-14 09:18:00,,,,2017-04-11 00:00:00,Active,30-045-35813,W LYBROOK UNIT #716H,"ENDURING RESOURCES, LLC",36.224697,-107.75136499999999,"Enduring Resources - W Lybrook UT No716,718,719,753,754,755",O&G-Production Facility,12.0,36.224847,-107.75165,39.9,90.4,140.7,6.2,,Yes,1
683,Antonia Tallarico,37750,PRN20170002,7227M1,Regular-New ,Enduring Resources IV LLC,WPX Energy - W Lybrook UT NO716/718/719/753/754/755,2017-04-17 13:23:00,,5/16/2017 12:52,8/14/2017 0:00,8/14/2017 0:00,2017-08-14 09:18:00,,,,2017-04-10 00:00:00,Active,30-045-35774,W LYBROOK UNIT #718H,"ENDURING RESOURCES, LLC",36.224668,-107.75130800000001,"Enduring Resources - W Lybrook UT No716,718,719,753,754,755",O&G-Production Facility,12.0,36.224847,-107.75165,39.9,90.4,140.7,6.2,,Yes,1
684,Antonia Tallarico,37750,PRN20170002,7227M1,Regular-New ,Enduring Resources IV LLC,WPX Energy - W Lybrook UT NO716/718/719/753/754/755,2017-04-17 13:23:00,,5/16/2017 12:52,8/14/2017 0:00,8/14/2017 0:00,2017-08-14 09:18:00,,,,2017-04-14 00:00:00,Active,30-045-35812,W LYBROOK UNIT #719H,"ENDURING RESOURCES, LLC",36.224727,-107.75142199999999,"Enduring Resources - W Lybrook UT No716,718,719,753,754,755",O&G-Production Facility,12.0,36.224847,-107.75165,39.9,90.4,140.7,6.2,,Yes,1
687,Mary Gerhart,37787,PRN20170001,7237,Notice of Intent ,DJR Operating LLC - NM,Encana - Nageezi Unit K03-2309,2017-01-09 16:06:00,,,2/8/2017 0:00,2/8/2017 0:00,2017-02-06 13:41:00,,,,2017-05-26 00:00:00,Active,30-045-35841,NAGEEZI UNIT #405H,"DJR OPERATING, LLC",36.254185,-107.779468,DJR - Nageezi Unit K03-2309,O&G-Production Facility,5.0,36.254185,-107.77947,4.69,8.41,86.5,1.57,,No,0
688,Mary Gerhart,37787,PRN20170001,7237,Notice of Intent ,DJR Operating LLC - NM,Encana - Nageezi Unit K03-2309,2017-01-09 16:06:00,,,2/8/2017 0:00,2/8/2017 0:00,2017-02-06 13:41:00,,,,2017-05-30 00:00:00,Active,30-045-35842,NAGEEZI UNIT #406H,"DJR OPERATING, LLC",36.254226,-107.77951200000001,DJR - Nageezi Unit K03-2309,O&G-Production Facility,5.0,36.254185,-107.77947,4.69,8.41,86.5,1.57,,No,0
691,Tasha Burns,37893,PRN20170001,7318,Notice of Intent ,"Logos Operating, LLC",LOGOS - Heros 2308 09L Com 1H,2017-03-24 09:04:00,,,4/23/2017 0:00,4/23/2017 0:00,2017-04-18 17:04:00,,,,2018-04-25 00:00:00,Active,30-045-35687,HEROS 2308 09L COM #002H,"LOGOS OPERATING, LLC",36.238493,-107.69483999999999,LOGOS - Heros 2308 09L Well Pad,O&G-Production Facility,49.0,36.238493,-107.694942,10.7,19.76,20.5,1.07,,No,0
692,Tasha Burns,37893,PRN20170001,7318,Notice of Intent ,"Logos Operating, LLC",LOGOS - Heros 2308 09L Com 1H,2017-03-24 09:04:00,,,4/23/2017 0:00,4/23/2017 0:00,2017-04-18 17:04:00,,,,2018-04-26 00:00:00,Active,30-045-35848,HEROS 2308 09L COM #003H,"LOGOS OPERATING, LLC",36.238493,-107.69473799999999,LOGOS - Heros 2308 09L Well Pad,O&G-Production Facility,49.0,36.238493,-107.694942,10.7,19.76,20.5,1.07,,No,0
693,Tasha Burns,37893,PRN20170001,7318,Notice of Intent ,"Logos Operating, LLC",LOGOS - Heros 2308 09L Com 1H,2017-03-24 09:04:00,,,4/23/2017 0:00,4/23/2017 0:00,2017-04-18 17:04:00,,,,2018-06-06 00:00:00,Active,30-045-35877,HEROS 2308 09L COM #005H,"LOGOS OPERATING, LLC",36.238493,-107.69453500000002,LOGOS - Heros 2308 09L Well Pad,O&G-Production Facility,49.0,36.238493,-107.694942,10.7,19.76,20.5,1.07,,No,0
694,Tasha Burns,37893,PRN20170001,7318,Notice of Intent ,"Logos Operating, LLC",LOGOS - Heros 2308 09L Com 1H,2017-03-24 09:04:00,,,4/23/2017 0:00,4/23/2017 0:00,2017-04-18 17:04:00,,,,2018-05-04 00:00:00,Active,30-045-35847,HEROS 2308 09L COM #004H,"LOGOS OPERATING, LLC",36.238493,-107.69463700000001,LOGOS - Heros 2308 09L Well Pad,O&G-Production Facility,49.0,36.238493,-107.694942,10.7,19.76,20.5,1.07,,No,0
695,Tasha Burns,37893,PRN20170001,7318,Notice of Intent ,"Logos Operating, LLC",LOGOS - Heros 2308 09L Com 1H,2017-03-24 09:04:00,,,4/23/2017 0:00,4/23/2017 0:00,2017-04-18 17:04:00,,,,2017-01-21 00:00:00,Active,30-045-35688,HEROS 2308 09L COM #001H,"LOGOS OPERATING, LLC",36.238493,-107.694942,LOGOS - Heros 2308 09L Well Pad,O&G-Production Facility,49.0,36.238493,-107.694942,10.7,19.76,20.5,1.07,,Yes,1
706,Greg Tickle,37961,PRN20170001,7383,Notice of Intent ,Juniper Resources Exploration Company LLC,Juniper Resources - Pinon 305H Pad,2017-06-13 16:31:00,,,7/13/2017 0:00,7/13/2017 0:00,2017-06-27 16:00:00,,,,2017-05-09 00:00:00,Active,30-045-35638,PINON UNIT #306H,DUGAN PRODUCTION CORP,36.309412,-107.90874,Juniper Resources - Pinon 305H Pad,O&G-Production Facility,45.0,36.30940800000001,-107.908844,4.41,7.872000000000001,44.54,,,Yes,1
707,Greg Tickle,37961,PRN20170001,7383,Notice of Intent ,Juniper Resources Exploration Company LLC,Juniper Resources - Pinon 305H Pad,2017-06-13 16:31:00,,,7/13/2017 0:00,7/13/2017 0:00,2017-06-27 16:00:00,,,,2017-05-09 00:00:00,Active,30-045-35637,PINON UNIT #305H,DUGAN PRODUCTION CORP,36.309413,-107.90884199999999,Juniper Resources - Pinon 305H Pad,O&G-Production Facility,45.0,36.30940800000001,-107.908844,4.41,7.872000000000001,44.54,,,Yes,1
708,Denise Huff,38257,PRN20180001,7666,Notice of Intent ,"Logos Operating, LLC",Logos - Athena 2308 14L 1H and 2H,2018-01-31 11:16:00,,,3/2/2018 0:00,3/2/2018 0:00,2018-03-02 08:36:00,,,,2018-02-10 00:00:00,Active,30-045-35632,ATHENA 2308 14L #001H,"LOGOS OPERATING, LLC",36.225657,-107.658266,Logos - Athena 2308 14L Well Pad,O&G-Production Facility,67.0,36.225604,-107.658283,8.02,15.05,16.2,0.65,,Yes,1
709,Denise Huff,38257,PRN20180001,7666,Notice of Intent ,"Logos Operating, LLC",Logos - Athena 2308 14L 1H and 2H,2018-01-31 11:16:00,,,3/2/2018 0:00,3/2/2018 0:00,2018-03-02 08:36:00,,,,2018-02-10 00:00:00,Active,30-045-35633,ATHENA 2308 14L #002H,"LOGOS OPERATING, LLC",36.225604,-107.65828300000001,Logos - Athena 2308 14L Well Pad,O&G-Production Facility,67.0,36.225604,-107.658283,8.02,15.05,16.2,0.65,,Yes,1
710,Denise Huff,38257,PRN20180001,7666,Notice of Intent ,"Logos Operating, LLC",Logos - Athena 2308 14L 1H and 2H,2018-01-31 11:16:00,,,3/2/2018 0:00,3/2/2018 0:00,2018-03-02 08:36:00,,,,2018-06-07 00:00:00,Active,30-045-35876,ATHENA 2308 14L #003H,"LOGOS OPERATING, LLC",36.225737,-107.65824099999999,Logos - Athena 2308 14L Well Pad,O&G-Production Facility,67.0,36.225604,-107.658283,8.02,15.05,16.2,0.65,,No,0
717,Denise Huff,38352,PRN20180001,7758,Notice of Intent ,Enduring Resources IV LLC,WPX - Rodeo UT No508/509/510,2018-03-27 15:17:00,,,4/26/2018 0:00,4/26/2018 0:00,2018-04-20 16:03:00,,,,2018-09-25 00:00:00,Active,30-045-35871,RODEO UNIT #510H,"ENDURING RESOURCES, LLC",36.200912,-107.73291200000001,Enduring - Rodeo UT No508/509/510,O&G-Production Facility,83.0,36.200956,-107.732417,14.6,,81.3,4.0,0.11,No,0
718,Denise Huff,38352,PRN20180001,7758,Notice of Intent ,Enduring Resources IV LLC,WPX - Rodeo UT No508/509/510,2018-03-27 15:17:00,,,4/26/2018 0:00,4/26/2018 0:00,2018-04-20 16:03:00,,,,2018-09-26 00:00:00,Active,30-045-35880,RODEO UNIT #509H,"ENDURING RESOURCES, LLC",36.200941,-107.73297,Enduring - Rodeo UT No508/509/510,O&G-Production Facility,83.0,36.200956,-107.732417,14.6,,81.3,4.0,0.11,No,0
719,Denise Huff,38352,PRN20180001,7758,Notice of Intent ,Enduring Resources IV LLC,WPX - Rodeo UT No508/509/510,2018-03-27 15:17:00,,,4/26/2018 0:00,4/26/2018 0:00,2018-04-20 16:03:00,,,,2018-09-24 00:00:00,Active,30-045-35869,RODEO UNIT #508H,"ENDURING RESOURCES, LLC",36.200969,-107.733028,Enduring - Rodeo UT No508/509/510,O&G-Production Facility,83.0,36.200956,-107.732417,14.6,,81.3,4.0,0.11,No,0
722,Tasha Burns,38419,PRN20180001,7821,Notice of Intent ,DJR Operating LLC - NM,Encana - Nageezi Unit 501H and 502H,2018-04-30 10:34:00,5/30/2018 11:17,,5/30/2018 0:00,5/30/2018 0:00,2018-06-01 10:56:00,,,,2018-06-20 00:00:00,Active,30-045-35863,NAGEEZI UNIT #502H,"DJR OPERATING, LLC",36.256173,-107.772554,DJR - Nageezi Unit G03 2309 501H and 502H,O&G-Production Facility,6.0,36.256239,-107.772492,6.27,11.34,65.87,1.2,,No,0
723,Tasha Burns,38419,PRN20180001,7821,Notice of Intent ,DJR Operating LLC - NM,Encana - Nageezi Unit 501H and 502H,2018-04-30 10:34:00,5/30/2018 11:17,,5/30/2018 0:00,5/30/2018 0:00,2018-06-01 10:56:00,,,,2018-06-19 00:00:00,Active,30-045-35860,NAGEEZI UNIT #501H,"DJR OPERATING, LLC",36.256239,-107.7724942,DJR - Nageezi Unit G03 2309 501H and 502H,O&G-Production Facility,6.0,36.256239,-107.772492,6.27,11.34,65.87,1.2,,No,0
734,Tasha Burns,38425,PRN20180001,7822,Notice of Intent ,DJR Operating LLC - NM,Encana - Nageezi Unit 507H and 510H,2018-04-30 15:11:00,5/30/2018 11:18,,5/30/2018 0:00,5/30/2018 0:00,2018-06-01 12:21:00,,,,2019-10-14 00:00:00,Active,30-045-35858,NAGEEZI UNIT #509H,"DJR OPERATING, LLC",36.248044,-107.786627,DJR - Nageezi Unit 507H and 510H,O&G-Production Facility,0.0,36.248046,-107.786419,16.11,24.9,94.53,,,No,0
735,Tasha Burns,38425,PRN20180001,7822,Notice of Intent ,DJR Operating LLC - NM,Encana - Nageezi Unit 507H and 510H,2018-04-30 15:11:00,5/30/2018 11:18,,5/30/2018 0:00,5/30/2018 0:00,2018-06-01 12:21:00,,,,2018-06-23 00:00:00,Active,30-045-35862,NAGEEZI UNIT #510H,"DJR OPERATING, LLC",36.248044,-107.786725,DJR - Nageezi Unit 507H and 510H,O&G-Production Facility,0.0,36.248046,-107.786419,16.11,24.9,94.53,,,No,0
736,Tasha Burns,38425,PRN20180001,7822,Notice of Intent ,DJR Operating LLC - NM,Encana - Nageezi Unit 507H and 510H,2018-04-30 15:11:00,5/30/2018 11:18,,5/30/2018 0:00,5/30/2018 0:00,2018-06-01 12:21:00,,,,2019-10-10 00:00:00,Active,30-045-35859,NAGEEZI UNIT #508H,"DJR OPERATING, LLC",36.248044,-107.786519,DJR - Nageezi Unit 507H and 510H,O&G-Production Facility,0.0,36.248046,-107.786419,16.11,24.9,94.53,,,No,0
737,Tasha Burns,38425,PRN20180001,7822,Notice of Intent ,DJR Operating LLC - NM,Encana - Nageezi Unit 507H and 510H,2018-04-30 15:11:00,5/30/2018 11:18,,5/30/2018 0:00,5/30/2018 0:00,2018-06-01 12:21:00,,,,2018-06-22 00:00:00,Active,30-045-35855,NAGEEZI UNIT #507H,"DJR OPERATING, LLC",36.248046,-107.786419,DJR - Nageezi Unit 507H and 510H,O&G-Production Facility,0.0,36.248046,-107.786419,16.11,24.9,94.53,,,No,0
746,Asheley Coriz,38839,PRN20190001,8190,GCP - Oil and Gas,Enduring Resources IV LLC,Enduring - West Lybrook 768H Production Facility,2019-01-30 14:52:00,,,3/1/2019 0:00,3/1/2019 0:00,,,2/11/2019 13:53,,2019-05-07 00:00:00,Active,30-045-35892,W LYBROOK UNIT #769H,"ENDURING RESOURCES, LLC",36.214489,-107.75168700000002,Enduring - West Lybrook 768H Production Facility,O&G-Production Facility,13.0,36.213889,-107.751111,35.93,39.68,46.91,4.81,0.07,No,0
747,Asheley Coriz,38839,PRN20190001,8190,GCP - Oil and Gas,Enduring Resources IV LLC,Enduring - West Lybrook 768H Production Facility,2019-01-30 14:52:00,,,3/1/2019 0:00,3/1/2019 0:00,,,2/11/2019 13:53,,2019-06-18 00:00:00,Active,30-045-35894,W LYBROOK UNIT #771H,"ENDURING RESOURCES, LLC",36.214537,-107.75172099999999,Enduring - West Lybrook 768H Production Facility,O&G-Production Facility,13.0,36.213889,-107.751111,35.93,39.68,46.91,4.81,0.07,No,0
748,Asheley Coriz,38839,PRN20190001,8190,GCP - Oil and Gas,Enduring Resources IV LLC,Enduring - West Lybrook 768H Production Facility,2019-01-30 14:52:00,,,3/1/2019 0:00,3/1/2019 0:00,,,2/11/2019 13:53,,2019-06-17 00:00:00,Active,30-045-35893,W LYBROOK UNIT #770H,"ENDURING RESOURCES, LLC",36.214633,-107.75178700000001,Enduring - West Lybrook 768H Production Facility,O&G-Production Facility,13.0,36.213889,-107.751111,35.93,39.68,46.91,4.81,0.07,No,0
749,Asheley Coriz,38839,PRN20190001,8190,GCP - Oil and Gas,Enduring Resources IV LLC,Enduring - West Lybrook 768H Production Facility,2019-01-30 14:52:00,,,3/1/2019 0:00,3/1/2019 0:00,,,2/11/2019 13:53,,2019-05-06 00:00:00,Active,30-045-35891,W LYBROOK UNIT #768H,"ENDURING RESOURCES, LLC",36.214585,-107.751754,Enduring - West Lybrook 768H Production Facility,O&G-Production Facility,13.0,36.213889,-107.751111,35.93,39.68,46.91,4.81,0.07,No,0
750,Todd Sherrill,38839,PRN20190002,8190,GCP - Oil and Gas,Enduring Resources IV LLC,Enduring - West Lybrook 768H Production Facility,2019-04-08 14:55:00,,,5/8/2019 0:00,5/8/2019 0:00,2019-05-08 08:14:00,,,,2019-05-07 00:00:00,Active,30-045-35892,W LYBROOK UNIT #769H,"ENDURING RESOURCES, LLC",36.214489,-107.75168700000002,Enduring - West Lybrook 768H Production Facility,O&G-Production Facility,13.0,36.213889,-107.751111,35.93,39.68,46.91,4.81,0.07,Yes,1
751,Todd Sherrill,38839,PRN20190002,8190,GCP - Oil and Gas,Enduring Resources IV LLC,Enduring - West Lybrook 768H Production Facility,2019-04-08 14:55:00,,,5/8/2019 0:00,5/8/2019 0:00,2019-05-08 08:14:00,,,,2019-06-18 00:00:00,Active,30-045-35894,W LYBROOK UNIT #771H,"ENDURING RESOURCES, LLC",36.214537,-107.75172099999999,Enduring - West Lybrook 768H Production Facility,O&G-Production Facility,13.0,36.213889,-107.751111,35.93,39.68,46.91,4.81,0.07,No,0
752,Todd Sherrill,38839,PRN20190002,8190,GCP - Oil and Gas,Enduring Resources IV LLC,Enduring - West Lybrook 768H Production Facility,2019-04-08 14:55:00,,,5/8/2019 0:00,5/8/2019 0:00,2019-05-08 08:14:00,,,,2019-06-17 00:00:00,Active,30-045-35893,W LYBROOK UNIT #770H,"ENDURING RESOURCES, LLC",36.214633,-107.75178700000001,Enduring - West Lybrook 768H Production Facility,O&G-Production Facility,13.0,36.213889,-107.751111,35.93,39.68,46.91,4.81,0.07,No,0
753,Todd Sherrill,38839,PRN20190002,8190,GCP - Oil and Gas,Enduring Resources IV LLC,Enduring - West Lybrook 768H Production Facility,2019-04-08 14:55:00,,,5/8/2019 0:00,5/8/2019 0:00,2019-05-08 08:14:00,,,,2019-05-06 00:00:00,Active,30-045-35891,W LYBROOK UNIT #768H,"ENDURING RESOURCES, LLC",36.214585,-107.751754,Enduring - West Lybrook 768H Production Facility,O&G-Production Facility,13.0,36.213889,-107.751111,35.93,39.68,46.91,4.81,0.07,Yes,1
754,Danny Valenzuela,39032,PRN20190001,8368,Notice of Intent ,DJR Operating LLC - NM,DJR - Betonnie Tsosie Wash Unit M11-2308,2019-06-10 08:57:00,,,7/10/2019 0:00,7/10/2019 0:00,2019-07-02 14:46:00,,,,2019-04-11 00:00:00,Active,30-045-35515,BETONNIE TSOSIE WASH UNIT #108H,"DJR OPERATING, LLC",36.2352333,-107.65934750000001,DJR - Betonnie Tsosie Wash Unit M11-2308,O&G-Production Facility,284.0,36.23522,-107.659374,8.46,14.48,53.93,,,Yes,1
755,Danny Valenzuela,39032,PRN20190001,8368,Notice of Intent ,DJR Operating LLC - NM,DJR - Betonnie Tsosie Wash Unit M11-2308,2019-06-10 08:57:00,,,7/10/2019 0:00,7/10/2019 0:00,2019-07-02 14:46:00,,,,2019-04-12 00:00:00,Active,30-045-35514,BETONNIE TSOSIE WASH UNIT #728H,"DJR OPERATING, LLC",36.235290500000005,-107.6592712,DJR - Betonnie Tsosie Wash Unit M11-2308,O&G-Production Facility,284.0,36.23522,-107.659374,8.46,14.48,53.93,,,Yes,1
758,Roslyn Higgin,39061,PRN20190001,8392,Notice of Intent ,DJR Operating LLC - NM,DJR-Crow Canyon Unit N19-2408,2019-06-28 15:15:00,,,7/28/2019 0:00,7/28/2019 0:00,2019-07-12 15:14:00,,,,2019-04-17 00:00:00,Active,30-045-35652,CROW CANYON UNIT #123H,"DJR OPERATING, LLC",36.295547,-107.72482,DJR - Crow Canyon Unit N19-2408,O&G-Production Facility,110.0,36.295559,-107.72482,8.49,14.53,73.04,,,Yes,1
759,Roslyn Higgin,39061,PRN20190001,8392,Notice of Intent ,DJR Operating LLC - NM,DJR-Crow Canyon Unit N19-2408,2019-06-28 15:15:00,,,7/28/2019 0:00,7/28/2019 0:00,2019-07-12 15:14:00,,,,2019-09-16 00:00:00,Active,30-045-38178,CROW CANYON UNIT #124H,"DJR OPERATING, LLC",36.295559000000004,-107.72498999999999,DJR - Crow Canyon Unit N19-2408,O&G-Production Facility,82.0,36.295559,-107.72482,8.49,14.53,73.04,,,No,0
762,Angela Raso,39138,PRN20190001,8455,Notice of Intent ,DJR Operating LLC - NM,DJR - Blanco Wash Unit 124A-2409,2019-08-16 16:34:00,,,9/15/2019 0:00,9/15/2019 0:00,2019-09-13 09:16:00,,,,2019-06-07 00:00:00,Active,30-045-35658,BLANCO WASH UNIT #403H,"DJR OPERATING, LLC",36.296811,-107.73216200000002,DJR - Blanco Wash Unit I24A-2409,O&G-Production Facility,16.0,36.296883,-107.73211299999998,5.7,10.6,59.5,,,Yes,1
763,Angela Raso,39138,PRN20190001,8455,Notice of Intent ,DJR Operating LLC - NM,DJR - Blanco Wash Unit 124A-2409,2019-08-16 16:34:00,,,9/15/2019 0:00,9/15/2019 0:00,2019-09-13 09:16:00,,,,2019-06-06 00:00:00,Active,30-045-35656,BLANCO WASH UNIT #402H,"DJR OPERATING, LLC",36.296883,-107.73211299999998,DJR - Blanco Wash Unit I24A-2409,O&G-Production Facility,16.0,36.296883,-107.73211299999998,5.7,10.6,59.5,,,Yes,1
764,Angela Raso,39138,PRN20190001,8455,Notice of Intent ,DJR Operating LLC - NM,DJR - Blanco Wash Unit 124A-2409,2019-08-16 16:34:00,,,9/15/2019 0:00,9/15/2019 0:00,2019-09-13 09:16:00,,,,2012-08-29 00:00:00,Active,30-045-35322,BLANCO WASH UNIT #401H,"DJR OPERATING, LLC",36.2978935,-107.7326126,DJR - Blanco Wash Unit I24A-2409,O&G-Production Facility,16.0,36.296883,-107.73211299999998,5.7,10.6,59.5,,,Yes,1
771,Marvin Mascarenas,39167,PRN20190001,8483,Streamline Level 1-New ,Hilcorp Energy Company,Hilcorp - Allison 110H/152H CDP,2019-09-09 16:53:00,10/9/2019 14:46,11/13/2019 8:48,12/13/2019 0:00,12/13/2019 0:00,2019-12-11 14:30:00,,,,2018-05-09 00:00:00,Active,30-045-35559,ALLISON UNIT #152H,HILCORP ENERGY COMPANY,36.970642100000006,-107.4689102,Hilcorp - Allison 110H/152H CDP,O&G-Compressor Station,228.0,36.970556,-107.469167,24.3,18.9,28.7,,,Yes,1
772,Allie Fullerton,39202,PRN20190001,8519,Notice of Intent ,DJR Operating LLC - NM,DJR - Betonnie Tsosie Wash Unit A03-2208,2019-10-02 15:19:00,,,11/1/2019 0:00,11/1/2019 0:00,2019-10-18 15:24:00,,,,2019-10-16 00:00:00,Active,30-045-35668,BETONNIE TSOSIE WASH UNIT #717H,"DJR OPERATING, LLC",36.172468,-107.66006599999999,DJR - Betonnie Tsosie Wash Unit A03-2208,O&G-Production Facility,283.0,36.172468,-107.660066,8.49,13.78,48.78,0.62,,Yes,1
773,Allie Fullerton,39202,PRN20190001,8519,Notice of Intent ,DJR Operating LLC - NM,DJR - Betonnie Tsosie Wash Unit A03-2208,2019-10-02 15:19:00,,,11/1/2019 0:00,11/1/2019 0:00,2019-10-18 15:24:00,,,,2019-10-17 00:00:00,Active,30-045-35669,BETONNIE TSOSIE WASH UNIT #720H,"DJR OPERATING, LLC",36.172551,-107.660067,DJR - Betonnie Tsosie Wash Unit A03-2208,O&G-Production Facility,283.0,36.172468,-107.660066,8.49,13.78,48.78,0.62,,Yes,1
776,Arianna Espinoza,39211,PRN20190001,8527,Notice of Intent ,DJR Operating LLC - NM,DJR - Nageezi Unit M30-2308,2019-10-10 09:23:00,,,11/9/2019 0:00,11/9/2019 0:00,2019-11-07 13:55:00,,,,2019-10-21 00:00:00,Active,30-045-35649,NAGEEZI UNIT #627H,"DJR OPERATING, LLC",36.281184,-107.73053999999999,DJR - Nageezi Unit M30-2308,O&G-Production Facility,82.0,36.281184,-107.73054,6.93,10.66,22.07,,,Yes,1
777,Arianna Espinoza,39211,PRN20190001,8527,Notice of Intent ,DJR Operating LLC - NM,DJR - Nageezi Unit M30-2308,2019-10-10 09:23:00,,,11/9/2019 0:00,11/9/2019 0:00,2019-11-07 13:55:00,,,,2019-10-22 00:00:00,Active,30-045-35650,NAGEEZI UNIT #628H,"DJR OPERATING, LLC",36.281264,-107.73051399999999,DJR - Nageezi Unit M30-2308,O&G-Production Facility,82.0,36.281184,-107.73054,6.93,10.66,22.07,,,Yes,1
